{"level":"INFO","message":"[5:43:19.290 PM]: Creating new connection object"}
{"level":"INFO","message":"[5:43:19.308 PM]: Creating Connection[id: 776b8c30-7ac0-41a4-a6dc-b1ad816cc68a] with host: KCVVSOD-KT91019.snowflakecomputing.com, account: KCVVSOD-KT91019, accessUrl: https://KCVVSOD-KT91019.snowflakecomputing.com, user: VISHWA1212, role: ACCOUNTADMIN, database: TERA_SOCIAL_DB, schema: RAW_DATA, warehouse: Terasocial, proxy was not configured, password is provided, region: undefined, authenticator: SNOWFLAKE, ocsp mode: FAIL_OPEN, os: linux, os version: 6.19.8-100.fc42.x86_64"}
{"level":"INFO","message":"[5:43:19.309 PM]: Connection[id: 776b8c30-7ac0-41a4-a6dc-b1ad816cc68a] additional details: passcode in password is provided, passcode is not provided, private key is not provided, application: undefined, client name: snowflake-sdk, client version: 2.3.6, retry timeout: 300, private key path: undefined, private key pass is not provided, client store temporary credential: false, browser response timeout: 120000"}
{"level":"INFO","message":"[5:43:19.310 PM]: Connection[id: 776b8c30-7ac0-41a4-a6dc-b1ad816cc68a] - connection object created successfully."}
{"level":"INFO","message":"[5:43:19.319 PM]: Connection[id: 776b8c30-7ac0-41a4-a6dc-b1ad816cc68a] - async connecting. Associated Snowflake domain: GLOBAL"}
{"level":"INFO","message":"[5:43:19.321 PM]: Trying to initialize Easy Logging"}
{"level":"INFO","message":"[5:43:19.329 PM]: No client config detected."}
{"level":"INFO","message":"[5:43:19.330 PM]: No config file path found. Client config will not be used."}
{"level":"INFO","message":"[5:43:19.331 PM]: Easy Logging is disabled as no config has been found"}
{"level":"INFO","message":"[5:43:19.332 PM]: Connection[id: 776b8c30-7ac0-41a4-a6dc-b1ad816cc68a] - authentication successful using: SNOWFLAKE"}
{"level":"INFO","message":"[5:43:26.498 PM]: Connection[id: 776b8c30-7ac0-41a4-a6dc-b1ad816cc68a] - connection established successfully after 7179.37 milliseconds"}
{"level":"INFO","message":"[5:48:17.175 PM]: Creating new connection object"}
{"level":"INFO","message":"[5:48:17.195 PM]: Creating Connection[id: da3e92e4-c432-40b5-bea7-66965a144a1d] with host: VUUUVKT-SF01467.snowflakecomputing.com, account: VUUUVKT-SF01467, accessUrl: https://VUUUVKT-SF01467.snowflakecomputing.com, user: VISHWA1818, role: ACCOUNTADMIN, database: TERA_SOCIAL_DB, schema: RAW_DATA, warehouse: TERA_SOCIAL, proxy was not configured, password is provided, region: undefined, authenticator: SNOWFLAKE, ocsp mode: FAIL_OPEN, os: linux, os version: 6.19.8-100.fc42.x86_64"}
{"level":"INFO","message":"[5:48:17.196 PM]: Connection[id: da3e92e4-c432-40b5-bea7-66965a144a1d] additional details: passcode in password is provided, passcode is not provided, private key is not provided, application: undefined, client name: snowflake-sdk, client version: 2.3.6, retry timeout: 300, private key path: undefined, private key pass is not provided, client store temporary credential: false, browser response timeout: 120000"}
{"level":"INFO","message":"[5:48:17.197 PM]: Connection[id: da3e92e4-c432-40b5-bea7-66965a144a1d] - connection object created successfully."}
{"level":"INFO","message":"[5:48:17.206 PM]: Connection[id: da3e92e4-c432-40b5-bea7-66965a144a1d] - async connecting. Associated Snowflake domain: GLOBAL"}
{"level":"INFO","message":"[5:48:17.208 PM]: Trying to initialize Easy Logging"}
{"level":"INFO","message":"[5:48:17.221 PM]: No client config detected."}
{"level":"INFO","message":"[5:48:17.222 PM]: No config file path found. Client config will not be used."}
{"level":"INFO","message":"[5:48:17.222 PM]: Easy Logging is disabled as no config has been found"}
{"level":"INFO","message":"[5:48:17.224 PM]: Connection[id: da3e92e4-c432-40b5-bea7-66965a144a1d] - authentication successful using: SNOWFLAKE"}
{"level":"INFO","message":"[5:48:30.621 PM]: Connection[id: da3e92e4-c432-40b5-bea7-66965a144a1d] - connection established successfully after 13415.33 milliseconds"}
{"level":"INFO","message":"[5:57:18.977 PM]: Creating new connection object"}
{"level":"INFO","message":"[5:57:18.995 PM]: Creating Connection[id: 061359f6-2867-4d21-b6b1-cd0e00363f5a] with host: VUUUVKT-SF01467.snowflakecomputing.com, account: VUUUVKT-SF01467, accessUrl: https://VUUUVKT-SF01467.snowflakecomputing.com, user: VISHWA1818, role: ACCOUNTADMIN, database: TERA_SOCIAL_DB, schema: RAW_DATA, warehouse: TERA_SOCIAL, proxy was not configured, password is provided, region: undefined, authenticator: SNOWFLAKE, ocsp mode: FAIL_OPEN, os: linux, os version: 6.19.8-100.fc42.x86_64"}
{"level":"INFO","message":"[5:57:18.996 PM]: Connection[id: 061359f6-2867-4d21-b6b1-cd0e00363f5a] additional details: passcode in password is provided, passcode is not provided, private key is not provided, application: undefined, client name: snowflake-sdk, client version: 2.3.6, retry timeout: 300, private key path: undefined, private key pass is not provided, client store temporary credential: false, browser response timeout: 120000"}
{"level":"INFO","message":"[5:57:18.997 PM]: Connection[id: 061359f6-2867-4d21-b6b1-cd0e00363f5a] - connection object created successfully."}
{"level":"INFO","message":"[5:57:19.005 PM]: Connection[id: 061359f6-2867-4d21-b6b1-cd0e00363f5a] - async connecting. Associated Snowflake domain: GLOBAL"}
{"level":"INFO","message":"[5:57:19.006 PM]: Trying to initialize Easy Logging"}
{"level":"INFO","message":"[5:57:19.015 PM]: No client config detected."}
{"level":"INFO","message":"[5:57:19.016 PM]: No config file path found. Client config will not be used."}
{"level":"INFO","message":"[5:57:19.017 PM]: Easy Logging is disabled as no config has been found"}
{"level":"INFO","message":"[5:57:19.019 PM]: Connection[id: 061359f6-2867-4d21-b6b1-cd0e00363f5a] - authentication successful using: SNOWFLAKE"}
{"level":"INFO","message":"[5:57:21.392 PM]: Connection[id: 061359f6-2867-4d21-b6b1-cd0e00363f5a] - connection established successfully after 2387.41 milliseconds"}
{"level":"INFO","message":"[6:07:25.734 PM]: Creating new connection object"}
{"level":"INFO","message":"[6:07:25.771 PM]: Creating Connection[id: 5b89dca5-9ad6-42af-9703-04f033dcdd2f] with host: VUUUVKT-SF01467.snowflakecomputing.com, account: VUUUVKT-SF01467, accessUrl: https://VUUUVKT-SF01467.snowflakecomputing.com, user: VISHWA1818, role: ACCOUNTADMIN, database: TERA_SOCIAL_DB, schema: RAW_DATA, warehouse: TERA_SOCIAL, proxy was not configured, password is provided, region: undefined, authenticator: SNOWFLAKE, ocsp mode: FAIL_OPEN, os: linux, os version: 6.19.8-100.fc42.x86_64"}
{"level":"INFO","message":"[6:07:25.773 PM]: Connection[id: 5b89dca5-9ad6-42af-9703-04f033dcdd2f] additional details: passcode in password is provided, passcode is not provided, private key is not provided, application: undefined, client name: snowflake-sdk, client version: 2.3.6, retry timeout: 300, private key path: undefined, private key pass is not provided, client store temporary credential: false, browser response timeout: 120000"}
{"level":"INFO","message":"[6:07:25.775 PM]: Connection[id: 5b89dca5-9ad6-42af-9703-04f033dcdd2f] - connection object created successfully."}
{"level":"INFO","message":"[6:07:25.786 PM]: Connection[id: 5b89dca5-9ad6-42af-9703-04f033dcdd2f] - async connecting. Associated Snowflake domain: GLOBAL"}
{"level":"INFO","message":"[6:07:25.788 PM]: Trying to initialize Easy Logging"}
{"level":"INFO","message":"[6:07:25.802 PM]: No client config detected."}
{"level":"INFO","message":"[6:07:25.803 PM]: No config file path found. Client config will not be used."}
{"level":"INFO","message":"[6:07:25.804 PM]: Easy Logging is disabled as no config has been found"}
{"level":"INFO","message":"[6:07:25.805 PM]: Connection[id: 5b89dca5-9ad6-42af-9703-04f033dcdd2f] - authentication successful using: SNOWFLAKE"}
{"level":"INFO","message":"[6:07:27.599 PM]: Connection[id: 5b89dca5-9ad6-42af-9703-04f033dcdd2f] - connection established successfully after 1813.04 milliseconds"}
{"level":"INFO","message":"[6:24:15.115 PM]: Creating new connection object"}
{"level":"INFO","message":"[6:24:15.157 PM]: Creating Connection[id: 79bbdbb6-9d94-42ff-afce-9f108562f55a] with host: VUUUVKT-SF01467.snowflakecomputing.com, account: VUUUVKT-SF01467, accessUrl: https://VUUUVKT-SF01467.snowflakecomputing.com, user: VISHWA1818, role: ACCOUNTADMIN, database: undefined, schema: undefined, warehouse: TERRA_SOCIAL, proxy was not configured, password is provided, region: undefined, authenticator: SNOWFLAKE, ocsp mode: FAIL_OPEN, os: linux, os version: 6.19.8-100.fc42.x86_64"}
{"level":"INFO","message":"[6:24:15.160 PM]: Connection[id: 79bbdbb6-9d94-42ff-afce-9f108562f55a] additional details: passcode in password is provided, passcode is not provided, private key is not provided, application: undefined, client name: snowflake-sdk, client version: 2.3.6, retry timeout: 300, private key path: undefined, private key pass is not provided, client store temporary credential: false, browser response timeout: 120000"}
{"level":"INFO","message":"[6:24:15.161 PM]: Connection[id: 79bbdbb6-9d94-42ff-afce-9f108562f55a] - connection object created successfully."}
{"level":"INFO","message":"[6:24:15.163 PM]: Connection[id: 79bbdbb6-9d94-42ff-afce-9f108562f55a] - async connecting. Associated Snowflake domain: GLOBAL"}
{"level":"INFO","message":"[6:24:15.165 PM]: Trying to initialize Easy Logging"}
{"level":"INFO","message":"[6:24:15.180 PM]: No client config detected."}
{"level":"INFO","message":"[6:24:15.181 PM]: No config file path found. Client config will not be used."}
{"level":"INFO","message":"[6:24:15.182 PM]: Easy Logging is disabled as no config has been found"}
{"level":"INFO","message":"[6:24:15.184 PM]: Connection[id: 79bbdbb6-9d94-42ff-afce-9f108562f55a] - authentication successful using: SNOWFLAKE"}
{"level":"INFO","message":"[6:24:26.200 PM]: Connection[id: 79bbdbb6-9d94-42ff-afce-9f108562f55a] - connection established successfully after 11036.93 milliseconds"}
{"level":"INFO","message":"[6:25:47.441 PM]: Creating new connection object"}
{"level":"INFO","message":"[6:25:47.459 PM]: Creating Connection[id: 65063aa8-d9d1-415b-913c-087876dc3c5d] with host: VUUUVKT-SF01467.snowflakecomputing.com, account: VUUUVKT-SF01467, accessUrl: https://VUUUVKT-SF01467.snowflakecomputing.com, user: VISHWA1818, role: ACCOUNTADMIN, database: undefined, schema: undefined, warehouse: TERRA_SOCIAL, proxy was not configured, password is provided, region: undefined, authenticator: SNOWFLAKE, ocsp mode: FAIL_OPEN, os: linux, os version: 6.19.8-100.fc42.x86_64"}
{"level":"INFO","message":"[6:25:47.460 PM]: Connection[id: 65063aa8-d9d1-415b-913c-087876dc3c5d] additional details: passcode in password is provided, passcode is not provided, private key is not provided, application: undefined, client name: snowflake-sdk, client version: 2.3.6, retry timeout: 300, private key path: undefined, private key pass is not provided, client store temporary credential: false, browser response timeout: 120000"}
{"level":"INFO","message":"[6:25:47.461 PM]: Connection[id: 65063aa8-d9d1-415b-913c-087876dc3c5d] - connection object created successfully."}
{"level":"INFO","message":"[6:25:47.462 PM]: Connection[id: 65063aa8-d9d1-415b-913c-087876dc3c5d] - async connecting. Associated Snowflake domain: GLOBAL"}
{"level":"INFO","message":"[6:25:47.463 PM]: Trying to initialize Easy Logging"}
{"level":"INFO","message":"[6:25:47.473 PM]: No client config detected."}
{"level":"INFO","message":"[6:25:47.474 PM]: No config file path found. Client config will not be used."}
{"level":"INFO","message":"[6:25:47.474 PM]: Easy Logging is disabled as no config has been found"}
{"level":"INFO","message":"[6:25:47.475 PM]: Connection[id: 65063aa8-d9d1-415b-913c-087876dc3c5d] - authentication successful using: SNOWFLAKE"}
{"level":"INFO","message":"[6:25:49.583 PM]: Connection[id: 65063aa8-d9d1-415b-913c-087876dc3c5d] - connection established successfully after 2121.15 milliseconds"}
{"level":"INFO","message":"[6:29:20.091 PM]: Creating new connection object"}
{"level":"INFO","message":"[6:29:20.110 PM]: Creating Connection[id: e199c5a2-5d7a-41a1-92cb-a16c91381a5f] with host: VUUUVKT-SF01467.snowflakecomputing.com, account: VUUUVKT-SF01467, accessUrl: https://VUUUVKT-SF01467.snowflakecomputing.com, user: VISHWA1818, role: ACCOUNTADMIN, database: undefined, schema: undefined, warehouse: TERRA_SOCIAL, proxy was not configured, password is provided, region: undefined, authenticator: SNOWFLAKE, ocsp mode: FAIL_OPEN, os: linux, os version: 6.19.8-100.fc42.x86_64"}
{"level":"INFO","message":"[6:29:20.111 PM]: Connection[id: e199c5a2-5d7a-41a1-92cb-a16c91381a5f] additional details: passcode in password is provided, passcode is not provided, private key is not provided, application: undefined, client name: snowflake-sdk, client version: 2.3.6, retry timeout: 300, private key path: undefined, private key pass is not provided, client store temporary credential: false, browser response timeout: 120000"}
{"level":"INFO","message":"[6:29:20.112 PM]: Connection[id: e199c5a2-5d7a-41a1-92cb-a16c91381a5f] - connection object created successfully."}
{"level":"INFO","message":"[6:29:20.113 PM]: Connection[id: e199c5a2-5d7a-41a1-92cb-a16c91381a5f] - async connecting. Associated Snowflake domain: GLOBAL"}
{"level":"INFO","message":"[6:29:20.114 PM]: Trying to initialize Easy Logging"}
{"level":"INFO","message":"[6:29:20.125 PM]: No client config detected."}
{"level":"INFO","message":"[6:29:20.125 PM]: No config file path found. Client config will not be used."}
{"level":"INFO","message":"[6:29:20.126 PM]: Easy Logging is disabled as no config has been found"}
{"level":"INFO","message":"[6:29:20.127 PM]: Connection[id: e199c5a2-5d7a-41a1-92cb-a16c91381a5f] - authentication successful using: SNOWFLAKE"}
{"level":"INFO","message":"[6:29:22.518 PM]: Connection[id: e199c5a2-5d7a-41a1-92cb-a16c91381a5f] - connection established successfully after 2404.91 milliseconds"}
{"level":"INFO","message":"[6:30:16.643 PM]: Creating new connection object"}
{"level":"INFO","message":"[6:30:16.660 PM]: Creating Connection[id: b62da814-00dd-4f62-a33c-a4fa3ac8455d] with host: VUUUVKT-SF01467.snowflakecomputing.com, account: VUUUVKT-SF01467, accessUrl: https://VUUUVKT-SF01467.snowflakecomputing.com, user: VISHWA1818, role: ACCOUNTADMIN, database: undefined, schema: undefined, warehouse: TERRA_SOCIAL, proxy was not configured, password is provided, region: undefined, authenticator: SNOWFLAKE, ocsp mode: FAIL_OPEN, os: linux, os version: 6.19.8-100.fc42.x86_64"}
{"level":"INFO","message":"[6:30:16.661 PM]: Connection[id: b62da814-00dd-4f62-a33c-a4fa3ac8455d] additional details: passcode in password is provided, passcode is not provided, private key is not provided, application: undefined, client name: snowflake-sdk, client version: 2.3.6, retry timeout: 300, private key path: undefined, private key pass is not provided, client store temporary credential: false, browser response timeout: 120000"}
{"level":"INFO","message":"[6:30:16.662 PM]: Connection[id: b62da814-00dd-4f62-a33c-a4fa3ac8455d] - connection object created successfully."}
{"level":"INFO","message":"[6:30:16.663 PM]: Connection[id: b62da814-00dd-4f62-a33c-a4fa3ac8455d] - async connecting. Associated Snowflake domain: GLOBAL"}
{"level":"INFO","message":"[6:30:16.664 PM]: Trying to initialize Easy Logging"}
{"level":"INFO","message":"[6:30:16.676 PM]: No client config detected."}
{"level":"INFO","message":"[6:30:16.677 PM]: No config file path found. Client config will not be used."}
{"level":"INFO","message":"[6:30:16.677 PM]: Easy Logging is disabled as no config has been found"}
{"level":"INFO","message":"[6:30:16.679 PM]: Connection[id: b62da814-00dd-4f62-a33c-a4fa3ac8455d] - authentication successful using: SNOWFLAKE"}
{"level":"INFO","message":"[6:30:18.199 PM]: Connection[id: b62da814-00dd-4f62-a33c-a4fa3ac8455d] - connection established successfully after 1535.99 milliseconds"}
{"level":"INFO","message":"[6:30:53.357 PM]: Creating new connection object"}
{"level":"INFO","message":"[6:30:53.376 PM]: Creating Connection[id: 6f30877d-9bb0-4d55-af71-00eadd746a48] with host: VUUUVKT-SF01467.snowflakecomputing.com, account: VUUUVKT-SF01467, accessUrl: https://VUUUVKT-SF01467.snowflakecomputing.com, user: VISHWA1818, role: ACCOUNTADMIN, database: undefined, schema: undefined, warehouse: TERRA_SOCIAL, proxy was not configured, password is provided, region: undefined, authenticator: SNOWFLAKE, ocsp mode: FAIL_OPEN, os: linux, os version: 6.19.8-100.fc42.x86_64"}
{"level":"INFO","message":"[6:30:53.378 PM]: Connection[id: 6f30877d-9bb0-4d55-af71-00eadd746a48] additional details: passcode in password is provided, passcode is not provided, private key is not provided, application: undefined, client name: snowflake-sdk, client version: 2.3.6, retry timeout: 300, private key path: undefined, private key pass is not provided, client store temporary credential: false, browser response timeout: 120000"}
{"level":"INFO","message":"[6:30:53.379 PM]: Connection[id: 6f30877d-9bb0-4d55-af71-00eadd746a48] - connection object created successfully."}
{"level":"INFO","message":"[6:30:53.380 PM]: Connection[id: 6f30877d-9bb0-4d55-af71-00eadd746a48] - async connecting. Associated Snowflake domain: GLOBAL"}
{"level":"INFO","message":"[6:30:53.381 PM]: Trying to initialize Easy Logging"}
{"level":"INFO","message":"[6:30:53.388 PM]: No client config detected."}
{"level":"INFO","message":"[6:30:53.388 PM]: No config file path found. Client config will not be used."}
{"level":"INFO","message":"[6:30:53.389 PM]: Easy Logging is disabled as no config has been found"}
{"level":"INFO","message":"[6:30:53.390 PM]: Connection[id: 6f30877d-9bb0-4d55-af71-00eadd746a48] - authentication successful using: SNOWFLAKE"}
{"level":"INFO","message":"[6:30:54.737 PM]: Connection[id: 6f30877d-9bb0-4d55-af71-00eadd746a48] - connection established successfully after 1356.66 milliseconds"}
{"level":"INFO","message":"[6:31:31.589 PM]: Creating new connection object"}
{"level":"INFO","message":"[6:31:31.625 PM]: Creating Connection[id: 3d5d474a-2162-4b50-9064-bd715a5057e1] with host: VUUUVKT-SF01467.snowflakecomputing.com, account: VUUUVKT-SF01467, accessUrl: https://VUUUVKT-SF01467.snowflakecomputing.com, user: VISHWA1818, role: ACCOUNTADMIN, database: undefined, schema: undefined, warehouse: TERRA_SOCIAL, proxy was not configured, password is provided, region: undefined, authenticator: SNOWFLAKE, ocsp mode: FAIL_OPEN, os: linux, os version: 6.19.8-100.fc42.x86_64"}
{"level":"INFO","message":"[6:31:31.628 PM]: Connection[id: 3d5d474a-2162-4b50-9064-bd715a5057e1] additional details: passcode in password is provided, passcode is not provided, private key is not provided, application: undefined, client name: snowflake-sdk, client version: 2.3.6, retry timeout: 300, private key path: undefined, private key pass is not provided, client store temporary credential: false, browser response timeout: 120000"}
{"level":"INFO","message":"[6:31:31.630 PM]: Connection[id: 3d5d474a-2162-4b50-9064-bd715a5057e1] - connection object created successfully."}
{"level":"INFO","message":"[6:31:31.632 PM]: Connection[id: 3d5d474a-2162-4b50-9064-bd715a5057e1] - async connecting. Associated Snowflake domain: GLOBAL"}
{"level":"INFO","message":"[6:31:31.634 PM]: Trying to initialize Easy Logging"}
{"level":"INFO","message":"[6:31:31.647 PM]: No client config detected."}
{"level":"INFO","message":"[6:31:31.649 PM]: No config file path found. Client config will not be used."}
{"level":"INFO","message":"[6:31:31.649 PM]: Easy Logging is disabled as no config has been found"}
{"level":"INFO","message":"[6:31:31.651 PM]: Connection[id: 3d5d474a-2162-4b50-9064-bd715a5057e1] - authentication successful using: SNOWFLAKE"}
{"level":"INFO","message":"[6:31:39.934 PM]: Creating new connection object"}
{"level":"INFO","message":"[6:31:39.970 PM]: Creating Connection[id: de42fb00-f64d-491f-8176-fb82cb03754f] with host: VUUUVKT-SF01467.snowflakecomputing.com, account: VUUUVKT-SF01467, accessUrl: https://VUUUVKT-SF01467.snowflakecomputing.com, user: VISHWA1818, role: ACCOUNTADMIN, database: undefined, schema: undefined, warehouse: TERRA_SOCIAL, proxy was not configured, password is provided, region: undefined, authenticator: SNOWFLAKE, ocsp mode: FAIL_OPEN, os: linux, os version: 6.19.8-100.fc42.x86_64"}
{"level":"INFO","message":"[6:31:39.972 PM]: Connection[id: de42fb00-f64d-491f-8176-fb82cb03754f] additional details: passcode in password is provided, passcode is not provided, private key is not provided, application: undefined, client name: snowflake-sdk, client version: 2.3.6, retry timeout: 300, private key path: undefined, private key pass is not provided, client store temporary credential: false, browser response timeout: 120000"}
{"level":"INFO","message":"[6:31:39.974 PM]: Connection[id: de42fb00-f64d-491f-8176-fb82cb03754f] - connection object created successfully."}
{"level":"INFO","message":"[6:31:39.976 PM]: Connection[id: de42fb00-f64d-491f-8176-fb82cb03754f] - async connecting. Associated Snowflake domain: GLOBAL"}
{"level":"INFO","message":"[6:31:39.977 PM]: Trying to initialize Easy Logging"}
{"level":"INFO","message":"[6:31:39.988 PM]: No client config detected."}
{"level":"INFO","message":"[6:31:39.989 PM]: No config file path found. Client config will not be used."}
{"level":"INFO","message":"[6:31:39.990 PM]: Easy Logging is disabled as no config has been found"}
{"level":"INFO","message":"[6:31:39.992 PM]: Connection[id: de42fb00-f64d-491f-8176-fb82cb03754f] - authentication successful using: SNOWFLAKE"}
{"level":"INFO","message":"[6:32:24.078 PM]: Creating new connection object"}
{"level":"INFO","message":"[6:32:24.115 PM]: Creating Connection[id: b20a166d-c271-473d-aa9f-cf5050eab51b] with host: VUUUVKT-SF01467.snowflakecomputing.com, account: VUUUVKT-SF01467, accessUrl: https://VUUUVKT-SF01467.snowflakecomputing.com, user: VISHWA1818, role: ACCOUNTADMIN, database: undefined, schema: undefined, warehouse: TERRA_SOCIAL, proxy was not configured, password is provided, region: undefined, authenticator: SNOWFLAKE, ocsp mode: FAIL_OPEN, os: linux, os version: 6.19.8-100.fc42.x86_64"}
{"level":"INFO","message":"[6:32:24.118 PM]: Connection[id: b20a166d-c271-473d-aa9f-cf5050eab51b] additional details: passcode in password is provided, passcode is not provided, private key is not provided, application: undefined, client name: snowflake-sdk, client version: 2.3.6, retry timeout: 300, private key path: undefined, private key pass is not provided, client store temporary credential: false, browser response timeout: 120000"}
{"level":"INFO","message":"[6:32:24.120 PM]: Connection[id: b20a166d-c271-473d-aa9f-cf5050eab51b] - connection object created successfully."}
{"level":"INFO","message":"[6:32:24.122 PM]: Connection[id: b20a166d-c271-473d-aa9f-cf5050eab51b] - async connecting. Associated Snowflake domain: GLOBAL"}
{"level":"INFO","message":"[6:32:24.123 PM]: Trying to initialize Easy Logging"}
{"level":"INFO","message":"[6:32:24.137 PM]: No client config detected."}
{"level":"INFO","message":"[6:32:24.138 PM]: No config file path found. Client config will not be used."}
{"level":"INFO","message":"[6:32:24.138 PM]: Easy Logging is disabled as no config has been found"}
{"level":"INFO","message":"[6:32:24.140 PM]: Connection[id: b20a166d-c271-473d-aa9f-cf5050eab51b] - authentication successful using: SNOWFLAKE"}
{"level":"INFO","message":"[6:32:25.333 PM]: Connection[id: b20a166d-c271-473d-aa9f-cf5050eab51b] - connection established successfully after 1211.22 milliseconds"}
{"level":"INFO","message":"[6:34:01.573 PM]: Creating new connection object"}
{"level":"INFO","message":"[6:34:01.596 PM]: Creating Connection[id: 7e8da28b-3de2-4aba-87ea-6c49e959622d] with host: VUUUVKT-SF01467.snowflakecomputing.com, account: VUUUVKT-SF01467, accessUrl: https://VUUUVKT-SF01467.snowflakecomputing.com, user: VISHWA1818, role: ACCOUNTADMIN, database: undefined, schema: undefined, warehouse: TERRA_SOCIAL, proxy was not configured, password is provided, region: undefined, authenticator: SNOWFLAKE, ocsp mode: FAIL_OPEN, os: linux, os version: 6.19.8-100.fc42.x86_64"}
{"level":"INFO","message":"[6:34:01.598 PM]: Connection[id: 7e8da28b-3de2-4aba-87ea-6c49e959622d] additional details: passcode in password is provided, passcode is not provided, private key is not provided, application: undefined, client name: snowflake-sdk, client version: 2.3.6, retry timeout: 300, private key path: undefined, private key pass is not provided, client store temporary credential: false, browser response timeout: 120000"}
{"level":"INFO","message":"[6:34:01.599 PM]: Connection[id: 7e8da28b-3de2-4aba-87ea-6c49e959622d] - connection object created successfully."}
{"level":"INFO","message":"[6:34:01.600 PM]: Connection[id: 7e8da28b-3de2-4aba-87ea-6c49e959622d] - async connecting. Associated Snowflake domain: GLOBAL"}
{"level":"INFO","message":"[6:34:01.601 PM]: Trying to initialize Easy Logging"}
{"level":"INFO","message":"[6:34:01.611 PM]: No client config detected."}
{"level":"INFO","message":"[6:34:01.612 PM]: No config file path found. Client config will not be used."}
{"level":"INFO","message":"[6:34:01.612 PM]: Easy Logging is disabled as no config has been found"}
{"level":"INFO","message":"[6:34:01.614 PM]: Connection[id: 7e8da28b-3de2-4aba-87ea-6c49e959622d] - authentication successful using: SNOWFLAKE"}
{"level":"INFO","message":"[6:34:03.319 PM]: Connection[id: 7e8da28b-3de2-4aba-87ea-6c49e959622d] - connection established successfully after 1718.87 milliseconds"}
{"level":"INFO","message":"[6:34:30.555 PM]: Creating new connection object"}
{"level":"INFO","message":"[6:34:30.580 PM]: Creating Connection[id: bed00752-1072-4e95-975a-d2ee41846a61] with host: VUUUVKT-SF01467.snowflakecomputing.com, account: VUUUVKT-SF01467, accessUrl: https://VUUUVKT-SF01467.snowflakecomputing.com, user: VISHWA1818, role: ACCOUNTADMIN, database: undefined, schema: undefined, warehouse: TERRA_SOCIAL, proxy was not configured, password is provided, region: undefined, authenticator: SNOWFLAKE, ocsp mode: FAIL_OPEN, os: linux, os version: 6.19.8-100.fc42.x86_64"}
{"level":"INFO","message":"[6:34:30.582 PM]: Connection[id: bed00752-1072-4e95-975a-d2ee41846a61] additional details: passcode in password is provided, passcode is not provided, private key is not provided, application: undefined, client name: snowflake-sdk, client version: 2.3.6, retry timeout: 300, private key path: undefined, private key pass is not provided, client store temporary credential: false, browser response timeout: 120000"}
{"level":"INFO","message":"[6:34:30.583 PM]: Connection[id: bed00752-1072-4e95-975a-d2ee41846a61] - connection object created successfully."}
{"level":"INFO","message":"[6:34:30.584 PM]: Connection[id: bed00752-1072-4e95-975a-d2ee41846a61] - async connecting. Associated Snowflake domain: GLOBAL"}
{"level":"INFO","message":"[6:34:30.585 PM]: Trying to initialize Easy Logging"}
{"level":"INFO","message":"[6:34:30.595 PM]: No client config detected."}
{"level":"INFO","message":"[6:34:30.596 PM]: No config file path found. Client config will not be used."}
{"level":"INFO","message":"[6:34:30.597 PM]: Easy Logging is disabled as no config has been found"}
{"level":"INFO","message":"[6:34:30.599 PM]: Connection[id: bed00752-1072-4e95-975a-d2ee41846a61] - authentication successful using: SNOWFLAKE"}
{"level":"INFO","message":"[6:34:32.994 PM]: Creating new connection object"}
{"level":"INFO","message":"[6:34:33.042 PM]: Creating Connection[id: 6b644b42-bcfd-44bb-8c50-1b8ccc9a3da0] with host: VUUUVKT-SF01467.snowflakecomputing.com, account: VUUUVKT-SF01467, accessUrl: https://VUUUVKT-SF01467.snowflakecomputing.com, user: VISHWA1818, role: ACCOUNTADMIN, database: undefined, schema: undefined, warehouse: TERRA_SOCIAL, proxy was not configured, password is provided, region: undefined, authenticator: SNOWFLAKE, ocsp mode: FAIL_OPEN, os: linux, os version: 6.19.8-100.fc42.x86_64"}
{"level":"INFO","message":"[6:34:33.046 PM]: Connection[id: 6b644b42-bcfd-44bb-8c50-1b8ccc9a3da0] additional details: passcode in password is provided, passcode is not provided, private key is not provided, application: undefined, client name: snowflake-sdk, client version: 2.3.6, retry timeout: 300, private key path: undefined, private key pass is not provided, client store temporary credential: false, browser response timeout: 120000"}
{"level":"INFO","message":"[6:34:33.049 PM]: Connection[id: 6b644b42-bcfd-44bb-8c50-1b8ccc9a3da0] - connection object created successfully."}
{"level":"INFO","message":"[6:34:33.053 PM]: Connection[id: 6b644b42-bcfd-44bb-8c50-1b8ccc9a3da0] - async connecting. Associated Snowflake domain: GLOBAL"}
{"level":"INFO","message":"[6:34:33.056 PM]: Trying to initialize Easy Logging"}
{"level":"INFO","message":"[6:34:33.082 PM]: No client config detected."}
{"level":"INFO","message":"[6:34:33.083 PM]: No config file path found. Client config will not be used."}
{"level":"INFO","message":"[6:34:33.083 PM]: Easy Logging is disabled as no config has been found"}
{"level":"INFO","message":"[6:34:33.087 PM]: Connection[id: 6b644b42-bcfd-44bb-8c50-1b8ccc9a3da0] - authentication successful using: SNOWFLAKE"}
{"level":"INFO","message":"[6:34:38.824 PM]: Connection[id: 6b644b42-bcfd-44bb-8c50-1b8ccc9a3da0] - connection established successfully after 5771.41 milliseconds"}
{"level":"INFO","message":"[6:34:51.358 PM]: Creating new connection object"}
{"level":"INFO","message":"[6:34:51.394 PM]: Creating Connection[id: 12f322cd-ef4b-4750-afd4-fe2822fcdda0] with host: VUUUVKT-SF01467.snowflakecomputing.com, account: VUUUVKT-SF01467, accessUrl: https://VUUUVKT-SF01467.snowflakecomputing.com, user: VISHWA1818, role: ACCOUNTADMIN, database: undefined, schema: undefined, warehouse: TERRA_SOCIAL, proxy was not configured, password is provided, region: undefined, authenticator: SNOWFLAKE, ocsp mode: FAIL_OPEN, os: linux, os version: 6.19.8-100.fc42.x86_64"}
{"level":"INFO","message":"[6:34:51.396 PM]: Connection[id: 12f322cd-ef4b-4750-afd4-fe2822fcdda0] additional details: passcode in password is provided, passcode is not provided, private key is not provided, application: undefined, client name: snowflake-sdk, client version: 2.3.6, retry timeout: 300, private key path: undefined, private key pass is not provided, client store temporary credential: false, browser response timeout: 120000"}
{"level":"INFO","message":"[6:34:51.397 PM]: Connection[id: 12f322cd-ef4b-4750-afd4-fe2822fcdda0] - connection object created successfully."}
{"level":"INFO","message":"[6:34:51.399 PM]: Connection[id: 12f322cd-ef4b-4750-afd4-fe2822fcdda0] - async connecting. Associated Snowflake domain: GLOBAL"}
{"level":"INFO","message":"[6:34:51.400 PM]: Trying to initialize Easy Logging"}
{"level":"INFO","message":"[6:34:51.411 PM]: No client config detected."}
{"level":"INFO","message":"[6:34:51.412 PM]: No config file path found. Client config will not be used."}
{"level":"INFO","message":"[6:34:51.412 PM]: Easy Logging is disabled as no config has been found"}
{"level":"INFO","message":"[6:34:51.414 PM]: Connection[id: 12f322cd-ef4b-4750-afd4-fe2822fcdda0] - authentication successful using: SNOWFLAKE"}
{"level":"INFO","message":"[6:34:53.139 PM]: Connection[id: 12f322cd-ef4b-4750-afd4-fe2822fcdda0] - connection established successfully after 1739.77 milliseconds"}
{"level":"INFO","message":"[6:36:05.000 PM]: Creating new connection object"}
{"level":"INFO","message":"[6:36:05.033 PM]: Creating Connection[id: 50068304-ce0e-4d0d-a3e9-5179493633e0] with host: VUUUVKT-SF01467.snowflakecomputing.com, account: VUUUVKT-SF01467, accessUrl: https://VUUUVKT-SF01467.snowflakecomputing.com, user: VISHWA1818, role: ACCOUNTADMIN, database: undefined, schema: undefined, warehouse: TERRA_SOCIAL, proxy was not configured, password is provided, region: undefined, authenticator: SNOWFLAKE, ocsp mode: FAIL_OPEN, os: linux, os version: 6.19.8-100.fc42.x86_64"}
{"level":"INFO","message":"[6:36:05.036 PM]: Connection[id: 50068304-ce0e-4d0d-a3e9-5179493633e0] additional details: passcode in password is provided, passcode is not provided, private key is not provided, application: undefined, client name: snowflake-sdk, client version: 2.3.6, retry timeout: 300, private key path: undefined, private key pass is not provided, client store temporary credential: false, browser response timeout: 120000"}
{"level":"INFO","message":"[6:36:05.037 PM]: Connection[id: 50068304-ce0e-4d0d-a3e9-5179493633e0] - connection object created successfully."}
{"level":"INFO","message":"[6:36:05.039 PM]: Connection[id: 50068304-ce0e-4d0d-a3e9-5179493633e0] - async connecting. Associated Snowflake domain: GLOBAL"}
{"level":"INFO","message":"[6:36:05.041 PM]: Trying to initialize Easy Logging"}
{"level":"INFO","message":"[6:36:05.052 PM]: No client config detected."}
{"level":"INFO","message":"[6:36:05.053 PM]: No config file path found. Client config will not be used."}
{"level":"INFO","message":"[6:36:05.053 PM]: Easy Logging is disabled as no config has been found"}
{"level":"INFO","message":"[6:36:05.055 PM]: Connection[id: 50068304-ce0e-4d0d-a3e9-5179493633e0] - authentication successful using: SNOWFLAKE"}
{"level":"INFO","message":"[6:36:08.582 PM]: Connection[id: 50068304-ce0e-4d0d-a3e9-5179493633e0] - connection established successfully after 3542.75 milliseconds"}
{"level":"INFO","message":"[6:36:13.675 PM]: Creating new connection object"}
{"level":"INFO","message":"[6:36:13.691 PM]: Creating Connection[id: 385837fa-66ef-46de-95af-fa0cabd3d06e] with host: VUUUVKT-SF01467.snowflakecomputing.com, account: VUUUVKT-SF01467, accessUrl: https://VUUUVKT-SF01467.snowflakecomputing.com, user: VISHWA1818, role: ACCOUNTADMIN, database: undefined, schema: undefined, warehouse: TERRA_SOCIAL, proxy was not configured, password is provided, region: undefined, authenticator: SNOWFLAKE, ocsp mode: FAIL_OPEN, os: linux, os version: 6.19.8-100.fc42.x86_64"}
{"level":"INFO","message":"[6:36:13.692 PM]: Connection[id: 385837fa-66ef-46de-95af-fa0cabd3d06e] additional details: passcode in password is provided, passcode is not provided, private key is not provided, application: undefined, client name: snowflake-sdk, client version: 2.3.6, retry timeout: 300, private key path: undefined, private key pass is not provided, client store temporary credential: false, browser response timeout: 120000"}
{"level":"INFO","message":"[6:36:13.693 PM]: Connection[id: 385837fa-66ef-46de-95af-fa0cabd3d06e] - connection object created successfully."}
{"level":"INFO","message":"[6:36:13.694 PM]: Connection[id: 385837fa-66ef-46de-95af-fa0cabd3d06e] - async connecting. Associated Snowflake domain: GLOBAL"}
{"level":"INFO","message":"[6:36:13.694 PM]: Trying to initialize Easy Logging"}
{"level":"INFO","message":"[6:36:13.705 PM]: No client config detected."}
{"level":"INFO","message":"[6:36:13.706 PM]: No config file path found. Client config will not be used."}
{"level":"INFO","message":"[6:36:13.706 PM]: Easy Logging is disabled as no config has been found"}
{"level":"INFO","message":"[6:36:13.708 PM]: Connection[id: 385837fa-66ef-46de-95af-fa0cabd3d06e] - authentication successful using: SNOWFLAKE"}
{"level":"INFO","message":"[6:36:15.828 PM]: Connection[id: 385837fa-66ef-46de-95af-fa0cabd3d06e] - connection established successfully after 2134.32 milliseconds"}
{"level":"INFO","message":"[6:36:50.968 PM]: Creating new connection object"}
{"level":"INFO","message":"[6:36:51.034 PM]: Creating Connection[id: 14a43ed5-339f-4928-a77c-39323fcbd5d7] with host: VUUUVKT-SF01467.snowflakecomputing.com, account: VUUUVKT-SF01467, accessUrl: https://VUUUVKT-SF01467.snowflakecomputing.com, user: VISHWA1818, role: ACCOUNTADMIN, database: undefined, schema: undefined, warehouse: TERRA_SOCIAL, proxy was not configured, password is provided, region: undefined, authenticator: SNOWFLAKE, ocsp mode: FAIL_OPEN, os: linux, os version: 6.19.8-100.fc42.x86_64"}
{"level":"INFO","message":"[6:36:51.037 PM]: Connection[id: 14a43ed5-339f-4928-a77c-39323fcbd5d7] additional details: passcode in password is provided, passcode is not provided, private key is not provided, application: undefined, client name: snowflake-sdk, client version: 2.3.6, retry timeout: 300, private key path: undefined, private key pass is not provided, client store temporary credential: false, browser response timeout: 120000"}
{"level":"INFO","message":"[6:36:51.039 PM]: Connection[id: 14a43ed5-339f-4928-a77c-39323fcbd5d7] - connection object created successfully."}
{"level":"INFO","message":"[6:36:51.041 PM]: Connection[id: 14a43ed5-339f-4928-a77c-39323fcbd5d7] - async connecting. Associated Snowflake domain: GLOBAL"}
{"level":"INFO","message":"[6:36:51.043 PM]: Trying to initialize Easy Logging"}
{"level":"INFO","message":"[6:36:51.060 PM]: No client config detected."}
{"level":"INFO","message":"[6:36:51.061 PM]: No config file path found. Client config will not be used."}
{"level":"INFO","message":"[6:36:51.062 PM]: Easy Logging is disabled as no config has been found"}
{"level":"INFO","message":"[6:36:51.064 PM]: Connection[id: 14a43ed5-339f-4928-a77c-39323fcbd5d7] - authentication successful using: SNOWFLAKE"}
{"level":"INFO","message":"[6:36:52.802 PM]: Connection[id: 14a43ed5-339f-4928-a77c-39323fcbd5d7] - connection established successfully after 1761 milliseconds"}
{"level":"INFO","message":"[6:36:57.490 PM]: Creating new connection object"}
{"level":"INFO","message":"[6:36:57.512 PM]: Creating Connection[id: e10a9720-4397-438b-939b-cd5bdc25fbcc] with host: VUUUVKT-SF01467.snowflakecomputing.com, account: VUUUVKT-SF01467, accessUrl: https://VUUUVKT-SF01467.snowflakecomputing.com, user: VISHWA1818, role: ACCOUNTADMIN, database: undefined, schema: undefined, warehouse: TERRA_SOCIAL, proxy was not configured, password is provided, region: undefined, authenticator: SNOWFLAKE, ocsp mode: FAIL_OPEN, os: linux, os version: 6.19.8-100.fc42.x86_64"}
{"level":"INFO","message":"[6:36:57.514 PM]: Connection[id: e10a9720-4397-438b-939b-cd5bdc25fbcc] additional details: passcode in password is provided, passcode is not provided, private key is not provided, application: undefined, client name: snowflake-sdk, client version: 2.3.6, retry timeout: 300, private key path: undefined, private key pass is not provided, client store temporary credential: false, browser response timeout: 120000"}
{"level":"INFO","message":"[6:36:57.515 PM]: Connection[id: e10a9720-4397-438b-939b-cd5bdc25fbcc] - connection object created successfully."}
{"level":"INFO","message":"[6:36:57.516 PM]: Connection[id: e10a9720-4397-438b-939b-cd5bdc25fbcc] - async connecting. Associated Snowflake domain: GLOBAL"}
{"level":"INFO","message":"[6:36:57.517 PM]: Trying to initialize Easy Logging"}
{"level":"INFO","message":"[6:36:57.525 PM]: No client config detected."}
{"level":"INFO","message":"[6:36:57.526 PM]: No config file path found. Client config will not be used."}
{"level":"INFO","message":"[6:36:57.526 PM]: Easy Logging is disabled as no config has been found"}
{"level":"INFO","message":"[6:36:57.527 PM]: Connection[id: e10a9720-4397-438b-939b-cd5bdc25fbcc] - authentication successful using: SNOWFLAKE"}
{"level":"INFO","message":"[6:37:02.906 PM]: Connection[id: e10a9720-4397-438b-939b-cd5bdc25fbcc] - connection established successfully after 5389.52 milliseconds"}
{"level":"INFO","message":"[6:37:08.597 PM]: Creating new connection object"}
{"level":"INFO","message":"[6:37:08.638 PM]: Creating Connection[id: 701378d2-c7e1-4485-8623-e6ac3b66a3fc] with host: VUUUVKT-SF01467.snowflakecomputing.com, account: VUUUVKT-SF01467, accessUrl: https://VUUUVKT-SF01467.snowflakecomputing.com, user: VISHWA1818, role: ACCOUNTADMIN, database: undefined, schema: undefined, warehouse: TERRA_SOCIAL, proxy was not configured, password is provided, region: undefined, authenticator: SNOWFLAKE, ocsp mode: FAIL_OPEN, os: linux, os version: 6.19.8-100.fc42.x86_64"}
{"level":"INFO","message":"[6:37:08.640 PM]: Connection[id: 701378d2-c7e1-4485-8623-e6ac3b66a3fc] additional details: passcode in password is provided, passcode is not provided, private key is not provided, application: undefined, client name: snowflake-sdk, client version: 2.3.6, retry timeout: 300, private key path: undefined, private key pass is not provided, client store temporary credential: false, browser response timeout: 120000"}
{"level":"INFO","message":"[6:37:08.642 PM]: Connection[id: 701378d2-c7e1-4485-8623-e6ac3b66a3fc] - connection object created successfully."}
{"level":"INFO","message":"[6:37:08.645 PM]: Connection[id: 701378d2-c7e1-4485-8623-e6ac3b66a3fc] - async connecting. Associated Snowflake domain: GLOBAL"}
{"level":"INFO","message":"[6:37:08.647 PM]: Trying to initialize Easy Logging"}
{"level":"INFO","message":"[6:37:08.661 PM]: No client config detected."}
{"level":"INFO","message":"[6:37:08.662 PM]: No config file path found. Client config will not be used."}
{"level":"INFO","message":"[6:37:08.663 PM]: Easy Logging is disabled as no config has been found"}
{"level":"INFO","message":"[6:37:08.666 PM]: Connection[id: 701378d2-c7e1-4485-8623-e6ac3b66a3fc] - authentication successful using: SNOWFLAKE"}
{"level":"INFO","message":"[6:37:11.520 PM]: Connection[id: 701378d2-c7e1-4485-8623-e6ac3b66a3fc] - connection established successfully after 2875.24 milliseconds"}
{"level":"INFO","message":"[6:43:50.566 PM]: Creating new connection object"}
{"level":"INFO","message":"[6:43:50.587 PM]: Creating Connection[id: 16199e6a-4fd5-4748-853e-384444924bd7] with host: VUUUVKT-SF01467.snowflakecomputing.com, account: VUUUVKT-SF01467, accessUrl: https://VUUUVKT-SF01467.snowflakecomputing.com, user: VISHWA1818, role: ACCOUNTADMIN, database: undefined, schema: undefined, warehouse: TERRA_SOCIAL, proxy was not configured, password is provided, region: undefined, authenticator: SNOWFLAKE, ocsp mode: FAIL_OPEN, os: linux, os version: 6.19.8-100.fc42.x86_64"}
{"level":"INFO","message":"[6:43:50.589 PM]: Connection[id: 16199e6a-4fd5-4748-853e-384444924bd7] additional details: passcode in password is provided, passcode is not provided, private key is not provided, application: undefined, client name: snowflake-sdk, client version: 2.3.6, retry timeout: 300, private key path: undefined, private key pass is not provided, client store temporary credential: false, browser response timeout: 120000"}
{"level":"INFO","message":"[6:43:50.589 PM]: Connection[id: 16199e6a-4fd5-4748-853e-384444924bd7] - connection object created successfully."}
{"level":"INFO","message":"[6:43:50.591 PM]: Connection[id: 16199e6a-4fd5-4748-853e-384444924bd7] - async connecting. Associated Snowflake domain: GLOBAL"}
{"level":"INFO","message":"[6:43:50.591 PM]: Trying to initialize Easy Logging"}
{"level":"INFO","message":"[6:43:50.599 PM]: No client config detected."}
{"level":"INFO","message":"[6:43:50.600 PM]: No config file path found. Client config will not be used."}
{"level":"INFO","message":"[6:43:50.601 PM]: Easy Logging is disabled as no config has been found"}
{"level":"INFO","message":"[6:43:50.602 PM]: Connection[id: 16199e6a-4fd5-4748-853e-384444924bd7] - authentication successful using: SNOWFLAKE"}
{"level":"INFO","message":"[6:43:57.859 PM]: Connection[id: 16199e6a-4fd5-4748-853e-384444924bd7] - connection established successfully after 7268.59 milliseconds"}
{"level":"INFO","message":"[7:05:12.946 PM]: Creating new connection object"}
{"level":"INFO","message":"[7:05:12.964 PM]: Creating Connection[id: b7590748-ca1a-4cc5-b979-f4c819b40974] with host: VUUUVKT-SF01467.snowflakecomputing.com, account: VUUUVKT-SF01467, accessUrl: https://VUUUVKT-SF01467.snowflakecomputing.com, user: VISHWA1818, role: ACCOUNTADMIN, database: undefined, schema: undefined, warehouse: TERRA_SOCIAL, proxy was not configured, password is provided, region: undefined, authenticator: SNOWFLAKE, ocsp mode: FAIL_OPEN, os: linux, os version: 6.19.8-100.fc42.x86_64"}
{"level":"INFO","message":"[7:05:12.965 PM]: Connection[id: b7590748-ca1a-4cc5-b979-f4c819b40974] additional details: passcode in password is provided, passcode is not provided, private key is not provided, application: undefined, client name: snowflake-sdk, client version: 2.3.6, retry timeout: 300, private key path: undefined, private key pass is not provided, client store temporary credential: false, browser response timeout: 120000"}
{"level":"INFO","message":"[7:05:12.966 PM]: Connection[id: b7590748-ca1a-4cc5-b979-f4c819b40974] - connection object created successfully."}
{"level":"INFO","message":"[7:05:12.967 PM]: Connection[id: b7590748-ca1a-4cc5-b979-f4c819b40974] - async connecting. Associated Snowflake domain: GLOBAL"}
{"level":"INFO","message":"[7:05:12.968 PM]: Trying to initialize Easy Logging"}
{"level":"INFO","message":"[7:05:12.975 PM]: No client config detected."}
{"level":"INFO","message":"[7:05:12.976 PM]: No config file path found. Client config will not be used."}
{"level":"INFO","message":"[7:05:12.976 PM]: Easy Logging is disabled as no config has been found"}
{"level":"INFO","message":"[7:05:12.977 PM]: Connection[id: b7590748-ca1a-4cc5-b979-f4c819b40974] - authentication successful using: SNOWFLAKE"}
{"level":"INFO","message":"[7:05:14.195 PM]: Connection[id: b7590748-ca1a-4cc5-b979-f4c819b40974] - connection established successfully after 1227.91 milliseconds"}
{"level":"INFO","message":"[9:48:08.779 PM]: Creating new connection object"}
{"level":"INFO","message":"[9:48:08.798 PM]: Creating Connection[id: fb94fcc3-3db3-4f3c-8591-85e8adc6f91b] with host: VUUUVKT-SF01467.snowflakecomputing.com, account: VUUUVKT-SF01467, accessUrl: https://VUUUVKT-SF01467.snowflakecomputing.com, user: VISHWA1818, role: ACCOUNTADMIN, database: undefined, schema: undefined, warehouse: TERRA_SOCIAL, proxy was not configured, password is provided, region: undefined, authenticator: SNOWFLAKE, ocsp mode: FAIL_OPEN, os: linux, os version: 6.19.8-100.fc42.x86_64"}
{"level":"INFO","message":"[9:48:08.799 PM]: Connection[id: fb94fcc3-3db3-4f3c-8591-85e8adc6f91b] additional details: passcode in password is provided, passcode is not provided, private key is not provided, application: undefined, client name: snowflake-sdk, client version: 2.3.6, retry timeout: 300, private key path: undefined, private key pass is not provided, client store temporary credential: false, browser response timeout: 120000"}
{"level":"INFO","message":"[9:48:08.800 PM]: Connection[id: fb94fcc3-3db3-4f3c-8591-85e8adc6f91b] - connection object created successfully."}
{"level":"INFO","message":"[9:48:08.801 PM]: Connection[id: fb94fcc3-3db3-4f3c-8591-85e8adc6f91b] - async connecting. Associated Snowflake domain: GLOBAL"}
{"level":"INFO","message":"[9:48:08.802 PM]: Trying to initialize Easy Logging"}
{"level":"INFO","message":"[9:48:08.809 PM]: No client config detected."}
{"level":"INFO","message":"[9:48:08.810 PM]: No config file path found. Client config will not be used."}
{"level":"INFO","message":"[9:48:08.810 PM]: Easy Logging is disabled as no config has been found"}
{"level":"INFO","message":"[9:48:08.811 PM]: Connection[id: fb94fcc3-3db3-4f3c-8591-85e8adc6f91b] - authentication successful using: SNOWFLAKE"}
{"level":"INFO","message":"[10:06:02.970 PM]: Connection[id: fb94fcc3-3db3-4f3c-8591-85e8adc6f91b] - connection established successfully after 177515.67 milliseconds"}
{"level":"INFO","message":"[10:06:26.984 PM]: Creating new connection object"}
{"level":"INFO","message":"[10:06:27.003 PM]: Creating Connection[id: ab2b6c9d-9b02-4e38-a4da-e9986ca9e0d1] with host: VUUUVKT-SF01467.snowflakecomputing.com, account: VUUUVKT-SF01467, accessUrl: https://VUUUVKT-SF01467.snowflakecomputing.com, user: VISHWA1818, role: ACCOUNTADMIN, database: undefined, schema: undefined, warehouse: TERRA_SOCIAL, proxy was not configured, password is provided, region: undefined, authenticator: SNOWFLAKE, ocsp mode: FAIL_OPEN, os: linux, os version: 6.19.8-100.fc42.x86_64"}
{"level":"INFO","message":"[10:06:27.004 PM]: Connection[id: ab2b6c9d-9b02-4e38-a4da-e9986ca9e0d1] additional details: passcode in password is provided, passcode is not provided, private key is not provided, application: undefined, client name: snowflake-sdk, client version: 2.3.6, retry timeout: 300, private key path: undefined, private key pass is not provided, client store temporary credential: false, browser response timeout: 120000"}
{"level":"INFO","message":"[10:06:27.005 PM]: Connection[id: ab2b6c9d-9b02-4e38-a4da-e9986ca9e0d1] - connection object created successfully."}
{"level":"INFO","message":"[10:06:27.007 PM]: Connection[id: ab2b6c9d-9b02-4e38-a4da-e9986ca9e0d1] - async connecting. Associated Snowflake domain: GLOBAL"}
{"level":"INFO","message":"[10:06:27.008 PM]: Trying to initialize Easy Logging"}
{"level":"INFO","message":"[10:06:27.015 PM]: No client config detected."}
{"level":"INFO","message":"[10:06:27.016 PM]: No config file path found. Client config will not be used."}
{"level":"INFO","message":"[10:06:27.016 PM]: Easy Logging is disabled as no config has been found"}
{"level":"INFO","message":"[10:06:27.018 PM]: Connection[id: ab2b6c9d-9b02-4e38-a4da-e9986ca9e0d1] - authentication successful using: SNOWFLAKE"}
{"level":"INFO","message":"[10:06:33.154 PM]: Connection[id: ab2b6c9d-9b02-4e38-a4da-e9986ca9e0d1] - connection established successfully after 6147.58 milliseconds"}
{"level":"INFO","message":"[11:43:13.140 PM]: Creating new connection object"}
{"level":"INFO","message":"[11:43:13.161 PM]: Creating Connection[id: a0dac1bc-a036-4357-b32a-2243e2a9bf1a] with host: VUUUVKT-SF01467.snowflakecomputing.com, account: VUUUVKT-SF01467, accessUrl: https://VUUUVKT-SF01467.snowflakecomputing.com, user: VISHWA1818, role: ACCOUNTADMIN, database: undefined, schema: undefined, warehouse: TERRA_SOCIAL, proxy was not configured, password is provided, region: undefined, authenticator: SNOWFLAKE, ocsp mode: FAIL_OPEN, os: linux, os version: 6.19.8-100.fc42.x86_64"}
{"level":"INFO","message":"[11:43:13.163 PM]: Connection[id: a0dac1bc-a036-4357-b32a-2243e2a9bf1a] additional details: passcode in password is provided, passcode is not provided, private key is not provided, application: undefined, client name: snowflake-sdk, client version: 2.3.6, retry timeout: 300, private key path: undefined, private key pass is not provided, client store temporary credential: false, browser response timeout: 120000"}
{"level":"INFO","message":"[11:43:13.164 PM]: Connection[id: a0dac1bc-a036-4357-b32a-2243e2a9bf1a] - connection object created successfully."}
{"level":"INFO","message":"[11:43:13.165 PM]: Connection[id: a0dac1bc-a036-4357-b32a-2243e2a9bf1a] - async connecting. Associated Snowflake domain: GLOBAL"}
{"level":"INFO","message":"[11:43:13.166 PM]: Trying to initialize Easy Logging"}
{"level":"INFO","message":"[11:43:13.174 PM]: No client config detected."}
{"level":"INFO","message":"[11:43:13.175 PM]: No config file path found. Client config will not be used."}
{"level":"INFO","message":"[11:43:13.175 PM]: Easy Logging is disabled as no config has been found"}
{"level":"INFO","message":"[11:43:13.177 PM]: Connection[id: a0dac1bc-a036-4357-b32a-2243e2a9bf1a] - authentication successful using: SNOWFLAKE"}
{"level":"INFO","message":"[11:43:14.167 PM]: Connection[id: a0dac1bc-a036-4357-b32a-2243e2a9bf1a] - connection established successfully after 1001.58 milliseconds"}
{"level":"INFO","message":"[11:44:21.107 PM]: Creating new connection object"}
{"level":"INFO","message":"[11:44:21.125 PM]: Creating Connection[id: 3cba031f-5d22-45bc-b667-ccdd15e6d1e6] with host: VUUUVKT-SF01467.snowflakecomputing.com, account: VUUUVKT-SF01467, accessUrl: https://VUUUVKT-SF01467.snowflakecomputing.com, user: VISHWA1818, role: ACCOUNTADMIN, database: undefined, schema: undefined, warehouse: TERRA_SOCIAL, proxy was not configured, password is provided, region: undefined, authenticator: SNOWFLAKE, ocsp mode: FAIL_OPEN, os: linux, os version: 6.19.8-100.fc42.x86_64"}
{"level":"INFO","message":"[11:44:21.126 PM]: Connection[id: 3cba031f-5d22-45bc-b667-ccdd15e6d1e6] additional details: passcode in password is provided, passcode is not provided, private key is not provided, application: undefined, client name: snowflake-sdk, client version: 2.3.6, retry timeout: 300, private key path: undefined, private key pass is not provided, client store temporary credential: false, browser response timeout: 120000"}
{"level":"INFO","message":"[11:44:21.127 PM]: Connection[id: 3cba031f-5d22-45bc-b667-ccdd15e6d1e6] - connection object created successfully."}
{"level":"INFO","message":"[11:44:21.129 PM]: Connection[id: 3cba031f-5d22-45bc-b667-ccdd15e6d1e6] - async connecting. Associated Snowflake domain: GLOBAL"}
{"level":"INFO","message":"[11:44:21.130 PM]: Trying to initialize Easy Logging"}
{"level":"INFO","message":"[11:44:21.137 PM]: No client config detected."}
{"level":"INFO","message":"[11:44:21.138 PM]: No config file path found. Client config will not be used."}
{"level":"INFO","message":"[11:44:21.138 PM]: Easy Logging is disabled as no config has been found"}
{"level":"INFO","message":"[11:44:21.140 PM]: Connection[id: 3cba031f-5d22-45bc-b667-ccdd15e6d1e6] - authentication successful using: SNOWFLAKE"}
{"level":"INFO","message":"[11:44:22.508 PM]: Connection[id: 3cba031f-5d22-45bc-b667-ccdd15e6d1e6] - connection established successfully after 1379.44 milliseconds"}
{"level":"INFO","message":"[11:46:29.570 PM]: Creating new connection object"}
{"level":"INFO","message":"[11:46:29.585 PM]: Creating Connection[id: 298dd5ca-fe58-429b-8a27-95d87d65f74b] with host: VUUUVKT-SF01467.snowflakecomputing.com, account: VUUUVKT-SF01467, accessUrl: https://VUUUVKT-SF01467.snowflakecomputing.com, user: VISHWA1818, role: ACCOUNTADMIN, database: undefined, schema: undefined, warehouse: TERRA_SOCIAL, proxy was not configured, password is provided, region: undefined, authenticator: SNOWFLAKE, ocsp mode: FAIL_OPEN, os: linux, os version: 6.19.8-100.fc42.x86_64"}
{"level":"INFO","message":"[11:46:29.587 PM]: Connection[id: 298dd5ca-fe58-429b-8a27-95d87d65f74b] additional details: passcode in password is provided, passcode is not provided, private key is not provided, application: undefined, client name: snowflake-sdk, client version: 2.3.6, retry timeout: 300, private key path: undefined, private key pass is not provided, client store temporary credential: false, browser response timeout: 120000"}
{"level":"INFO","message":"[11:46:29.587 PM]: Connection[id: 298dd5ca-fe58-429b-8a27-95d87d65f74b] - connection object created successfully."}
{"level":"INFO","message":"[11:46:29.588 PM]: Connection[id: 298dd5ca-fe58-429b-8a27-95d87d65f74b] - async connecting. Associated Snowflake domain: GLOBAL"}
{"level":"INFO","message":"[11:46:29.589 PM]: Trying to initialize Easy Logging"}
{"level":"INFO","message":"[11:46:29.596 PM]: No client config detected."}
{"level":"INFO","message":"[11:46:29.597 PM]: No config file path found. Client config will not be used."}
{"level":"INFO","message":"[11:46:29.597 PM]: Easy Logging is disabled as no config has been found"}
{"level":"INFO","message":"[11:46:29.598 PM]: Connection[id: 298dd5ca-fe58-429b-8a27-95d87d65f74b] - authentication successful using: SNOWFLAKE"}
{"level":"INFO","message":"[11:46:30.675 PM]: Connection[id: 298dd5ca-fe58-429b-8a27-95d87d65f74b] - connection established successfully after 1086.28 milliseconds"}
{"level":"INFO","message":"[11:49:24.984 PM]: Creating new connection object"}
{"level":"INFO","message":"[11:49:25.021 PM]: Creating Connection[id: 74088fed-b695-4d1c-80a1-422226ebda28] with host: VUUUVKT-SF01467.snowflakecomputing.com, account: VUUUVKT-SF01467, accessUrl: https://VUUUVKT-SF01467.snowflakecomputing.com, user: VISHWA1818, role: ACCOUNTADMIN, database: undefined, schema: undefined, warehouse: TERRA_SOCIAL, proxy was not configured, password is provided, region: undefined, authenticator: SNOWFLAKE, ocsp mode: FAIL_OPEN, os: linux, os version: 6.19.8-100.fc42.x86_64"}
{"level":"INFO","message":"[11:49:25.024 PM]: Connection[id: 74088fed-b695-4d1c-80a1-422226ebda28] additional details: passcode in password is provided, passcode is not provided, private key is not provided, application: undefined, client name: snowflake-sdk, client version: 2.3.6, retry timeout: 300, private key path: undefined, private key pass is not provided, client store temporary credential: false, browser response timeout: 120000"}
{"level":"INFO","message":"[11:49:25.025 PM]: Connection[id: 74088fed-b695-4d1c-80a1-422226ebda28] - connection object created successfully."}
{"level":"INFO","message":"[11:49:25.027 PM]: Connection[id: 74088fed-b695-4d1c-80a1-422226ebda28] - async connecting. Associated Snowflake domain: GLOBAL"}
{"level":"INFO","message":"[11:49:25.029 PM]: Trying to initialize Easy Logging"}
{"level":"INFO","message":"[11:49:25.042 PM]: No client config detected."}
{"level":"INFO","message":"[11:49:25.043 PM]: No config file path found. Client config will not be used."}
{"level":"INFO","message":"[11:49:25.044 PM]: Easy Logging is disabled as no config has been found"}
{"level":"INFO","message":"[11:49:25.046 PM]: Connection[id: 74088fed-b695-4d1c-80a1-422226ebda28] - authentication successful using: SNOWFLAKE"}
{"level":"INFO","message":"[11:49:28.739 PM]: Connection[id: 74088fed-b695-4d1c-80a1-422226ebda28] - connection established successfully after 3711.26 milliseconds"}
{"level":"INFO","message":"[11:50:00.706 PM]: Creating new connection object"}
{"level":"INFO","message":"[11:50:00.723 PM]: Creating Connection[id: 85eec8ff-2650-4c6a-af5c-b243c7e1eaac] with host: VUUUVKT-SF01467.snowflakecomputing.com, account: VUUUVKT-SF01467, accessUrl: https://VUUUVKT-SF01467.snowflakecomputing.com, user: VISHWA1818, role: ACCOUNTADMIN, database: undefined, schema: undefined, warehouse: TERRA_SOCIAL, proxy was not configured, password is provided, region: undefined, authenticator: SNOWFLAKE, ocsp mode: FAIL_OPEN, os: linux, os version: 6.19.8-100.fc42.x86_64"}
{"level":"INFO","message":"[11:50:00.725 PM]: Connection[id: 85eec8ff-2650-4c6a-af5c-b243c7e1eaac] additional details: passcode in password is provided, passcode is not provided, private key is not provided, application: undefined, client name: snowflake-sdk, client version: 2.3.6, retry timeout: 300, private key path: undefined, private key pass is not provided, client store temporary credential: false, browser response timeout: 120000"}
{"level":"INFO","message":"[11:50:00.725 PM]: Connection[id: 85eec8ff-2650-4c6a-af5c-b243c7e1eaac] - connection object created successfully."}
{"level":"INFO","message":"[11:50:00.726 PM]: Connection[id: 85eec8ff-2650-4c6a-af5c-b243c7e1eaac] - async connecting. Associated Snowflake domain: GLOBAL"}
{"level":"INFO","message":"[11:50:00.727 PM]: Trying to initialize Easy Logging"}
{"level":"INFO","message":"[11:50:00.734 PM]: No client config detected."}
{"level":"INFO","message":"[11:50:00.735 PM]: No config file path found. Client config will not be used."}
{"level":"INFO","message":"[11:50:00.735 PM]: Easy Logging is disabled as no config has been found"}
{"level":"INFO","message":"[11:50:00.736 PM]: Connection[id: 85eec8ff-2650-4c6a-af5c-b243c7e1eaac] - authentication successful using: SNOWFLAKE"}
{"level":"INFO","message":"[11:50:02.691 PM]: Connection[id: 85eec8ff-2650-4c6a-af5c-b243c7e1eaac] - connection established successfully after 1964.9 milliseconds"}
{"level":"INFO","message":"[12:02:46.487 AM]: Creating new connection object"}
{"level":"INFO","message":"[12:02:46.505 AM]: Creating Connection[id: 492e6e43-423e-4d9d-8887-30955b96e2e2] with host: VUUUVKT-SF01467.snowflakecomputing.com, account: VUUUVKT-SF01467, accessUrl: https://VUUUVKT-SF01467.snowflakecomputing.com, user: VISHWA1818, role: ACCOUNTADMIN, database: undefined, schema: undefined, warehouse: TERRA_SOCIAL, proxy was not configured, password is provided, region: undefined, authenticator: SNOWFLAKE, ocsp mode: FAIL_OPEN, os: linux, os version: 6.19.8-100.fc42.x86_64"}
{"level":"INFO","message":"[12:02:46.506 AM]: Connection[id: 492e6e43-423e-4d9d-8887-30955b96e2e2] additional details: passcode in password is provided, passcode is not provided, private key is not provided, application: undefined, client name: snowflake-sdk, client version: 2.3.6, retry timeout: 300, private key path: undefined, private key pass is not provided, client store temporary credential: false, browser response timeout: 120000"}
{"level":"INFO","message":"[12:02:46.507 AM]: Connection[id: 492e6e43-423e-4d9d-8887-30955b96e2e2] - connection object created successfully."}
{"level":"INFO","message":"[12:02:46.508 AM]: Connection[id: 492e6e43-423e-4d9d-8887-30955b96e2e2] - async connecting. Associated Snowflake domain: GLOBAL"}
{"level":"INFO","message":"[12:02:46.509 AM]: Trying to initialize Easy Logging"}
{"level":"INFO","message":"[12:02:46.516 AM]: No client config detected."}
{"level":"INFO","message":"[12:02:46.517 AM]: No config file path found. Client config will not be used."}
{"level":"INFO","message":"[12:02:46.517 AM]: Easy Logging is disabled as no config has been found"}
{"level":"INFO","message":"[12:02:46.519 AM]: Connection[id: 492e6e43-423e-4d9d-8887-30955b96e2e2] - authentication successful using: SNOWFLAKE"}
{"level":"INFO","message":"[12:02:47.808 AM]: Connection[id: 492e6e43-423e-4d9d-8887-30955b96e2e2] - connection established successfully after 1299.95 milliseconds"}
{"level":"INFO","message":"[1:56:27.792 AM]: Creating new connection object"}
{"level":"INFO","message":"[1:56:27.816 AM]: Creating Connection[id: ec9ce440-42af-48ba-abab-54276567fbb1] with host: VUUUVKT-SF01467.snowflakecomputing.com, account: VUUUVKT-SF01467, accessUrl: https://VUUUVKT-SF01467.snowflakecomputing.com, user: VISHWA1818, role: ACCOUNTADMIN, database: undefined, schema: undefined, warehouse: TERRA_SOCIAL, proxy was not configured, password is provided, region: undefined, authenticator: SNOWFLAKE, ocsp mode: FAIL_OPEN, os: linux, os version: 6.19.8-100.fc42.x86_64"}
{"level":"INFO","message":"[1:56:27.817 AM]: Connection[id: ec9ce440-42af-48ba-abab-54276567fbb1] additional details: passcode in password is provided, passcode is not provided, private key is not provided, application: undefined, client name: snowflake-sdk, client version: 2.3.6, retry timeout: 300, private key path: undefined, private key pass is not provided, client store temporary credential: false, browser response timeout: 120000"}
{"level":"INFO","message":"[1:56:27.818 AM]: Connection[id: ec9ce440-42af-48ba-abab-54276567fbb1] - connection object created successfully."}
{"level":"INFO","message":"[1:56:27.819 AM]: Connection[id: ec9ce440-42af-48ba-abab-54276567fbb1] - async connecting. Associated Snowflake domain: GLOBAL"}
{"level":"INFO","message":"[1:56:27.820 AM]: Trying to initialize Easy Logging"}
{"level":"INFO","message":"[1:56:27.828 AM]: No client config detected."}
{"level":"INFO","message":"[1:56:27.829 AM]: No config file path found. Client config will not be used."}
{"level":"INFO","message":"[1:56:27.829 AM]: Easy Logging is disabled as no config has been found"}
{"level":"INFO","message":"[1:56:27.830 AM]: Connection[id: ec9ce440-42af-48ba-abab-54276567fbb1] - authentication successful using: SNOWFLAKE"}
{"level":"INFO","message":"[1:56:29.881 AM]: Connection[id: ec9ce440-42af-48ba-abab-54276567fbb1] - connection established successfully after 2062.18 milliseconds"}
{"level":"INFO","message":"[1:59:27.954 AM]: Creating new connection object"}
{"level":"INFO","message":"[1:59:27.986 AM]: Creating Connection[id: ae914751-ffd6-4ab3-b17e-c4b6b8a89bdb] with host: VUUUVKT-SF01467.snowflakecomputing.com, account: VUUUVKT-SF01467, accessUrl: https://VUUUVKT-SF01467.snowflakecomputing.com, user: VISHWA1818, role: ACCOUNTADMIN, database: undefined, schema: undefined, warehouse: TERRA_SOCIAL, proxy was not configured, password is provided, region: undefined, authenticator: SNOWFLAKE, ocsp mode: FAIL_OPEN, os: linux, os version: 6.19.8-100.fc42.x86_64"}
{"level":"INFO","message":"[1:59:27.989 AM]: Connection[id: ae914751-ffd6-4ab3-b17e-c4b6b8a89bdb] additional details: passcode in password is provided, passcode is not provided, private key is not provided, application: undefined, client name: snowflake-sdk, client version: 2.3.6, retry timeout: 300, private key path: undefined, private key pass is not provided, client store temporary credential: false, browser response timeout: 120000"}
{"level":"INFO","message":"[1:59:27.990 AM]: Connection[id: ae914751-ffd6-4ab3-b17e-c4b6b8a89bdb] - connection object created successfully."}
{"level":"INFO","message":"[1:59:27.992 AM]: Connection[id: ae914751-ffd6-4ab3-b17e-c4b6b8a89bdb] - async connecting. Associated Snowflake domain: GLOBAL"}
{"level":"INFO","message":"[1:59:27.994 AM]: Trying to initialize Easy Logging"}
{"level":"INFO","message":"[1:59:28.006 AM]: No client config detected."}
{"level":"INFO","message":"[1:59:28.007 AM]: No config file path found. Client config will not be used."}
{"level":"INFO","message":"[1:59:28.008 AM]: Easy Logging is disabled as no config has been found"}
{"level":"INFO","message":"[1:59:28.010 AM]: Connection[id: ae914751-ffd6-4ab3-b17e-c4b6b8a89bdb] - authentication successful using: SNOWFLAKE"}
{"level":"INFO","message":"[1:59:29.225 AM]: Connection[id: ae914751-ffd6-4ab3-b17e-c4b6b8a89bdb] - connection established successfully after 1232.81 milliseconds"}
{"level":"INFO","message":"[2:00:15.149 AM]: Creating new connection object"}
{"level":"INFO","message":"[2:00:15.169 AM]: Creating Connection[id: c419484f-ca72-4470-9941-66d8e6c663fe] with host: VUUUVKT-SF01467.snowflakecomputing.com, account: VUUUVKT-SF01467, accessUrl: https://VUUUVKT-SF01467.snowflakecomputing.com, user: VISHWA1818, role: ACCOUNTADMIN, database: undefined, schema: undefined, warehouse: TERRA_SOCIAL, proxy was not configured, password is provided, region: undefined, authenticator: SNOWFLAKE, ocsp mode: FAIL_OPEN, os: linux, os version: 6.19.8-100.fc42.x86_64"}
{"level":"INFO","message":"[2:00:15.170 AM]: Connection[id: c419484f-ca72-4470-9941-66d8e6c663fe] additional details: passcode in password is provided, passcode is not provided, private key is not provided, application: undefined, client name: snowflake-sdk, client version: 2.3.6, retry timeout: 300, private key path: undefined, private key pass is not provided, client store temporary credential: false, browser response timeout: 120000"}
{"level":"INFO","message":"[2:00:15.171 AM]: Connection[id: c419484f-ca72-4470-9941-66d8e6c663fe] - connection object created successfully."}
{"level":"INFO","message":"[2:00:15.172 AM]: Connection[id: c419484f-ca72-4470-9941-66d8e6c663fe] - async connecting. Associated Snowflake domain: GLOBAL"}
{"level":"INFO","message":"[2:00:15.173 AM]: Trying to initialize Easy Logging"}
{"level":"INFO","message":"[2:00:15.180 AM]: No client config detected."}
{"level":"INFO","message":"[2:00:15.181 AM]: No config file path found. Client config will not be used."}
{"level":"INFO","message":"[2:00:15.181 AM]: Easy Logging is disabled as no config has been found"}
{"level":"INFO","message":"[2:00:15.182 AM]: Connection[id: c419484f-ca72-4470-9941-66d8e6c663fe] - authentication successful using: SNOWFLAKE"}
{"level":"INFO","message":"[2:00:21.008 AM]: Connection[id: c419484f-ca72-4470-9941-66d8e6c663fe] - connection established successfully after 5836.51 milliseconds"}
{"level":"INFO","message":"[2:01:46.859 AM]: Creating new connection object"}
{"level":"INFO","message":"[2:01:46.892 AM]: Creating Connection[id: 6f6786fd-a017-4ee3-b470-f9d36244f325] with host: VUUUVKT-SF01467.snowflakecomputing.com, account: VUUUVKT-SF01467, accessUrl: https://VUUUVKT-SF01467.snowflakecomputing.com, user: VISHWA1818, role: ACCOUNTADMIN, database: undefined, schema: undefined, warehouse: TERRA_SOCIAL, proxy was not configured, password is provided, region: undefined, authenticator: SNOWFLAKE, ocsp mode: FAIL_OPEN, os: linux, os version: 6.19.8-100.fc42.x86_64"}
{"level":"INFO","message":"[2:01:46.894 AM]: Connection[id: 6f6786fd-a017-4ee3-b470-f9d36244f325] additional details: passcode in password is provided, passcode is not provided, private key is not provided, application: undefined, client name: snowflake-sdk, client version: 2.3.6, retry timeout: 300, private key path: undefined, private key pass is not provided, client store temporary credential: false, browser response timeout: 120000"}
{"level":"INFO","message":"[2:01:46.896 AM]: Connection[id: 6f6786fd-a017-4ee3-b470-f9d36244f325] - connection object created successfully."}
{"level":"INFO","message":"[2:01:46.898 AM]: Connection[id: 6f6786fd-a017-4ee3-b470-f9d36244f325] - async connecting. Associated Snowflake domain: GLOBAL"}
{"level":"INFO","message":"[2:01:46.899 AM]: Trying to initialize Easy Logging"}
{"level":"INFO","message":"[2:01:46.913 AM]: No client config detected."}
{"level":"INFO","message":"[2:01:46.914 AM]: No config file path found. Client config will not be used."}
{"level":"INFO","message":"[2:01:46.915 AM]: Easy Logging is disabled as no config has been found"}
{"level":"INFO","message":"[2:01:46.917 AM]: Connection[id: 6f6786fd-a017-4ee3-b470-f9d36244f325] - authentication successful using: SNOWFLAKE"}
{"level":"INFO","message":"[2:01:49.251 AM]: Connection[id: 6f6786fd-a017-4ee3-b470-f9d36244f325] - connection established successfully after 2353.63 milliseconds"}
{"level":"INFO","message":"[2:03:25.447 AM]: Creating new connection object"}
{"level":"INFO","message":"[2:03:25.463 AM]: Creating Connection[id: 0f3873ed-599d-4ee2-b144-27406595bb33] with host: VUUUVKT-SF01467.snowflakecomputing.com, account: VUUUVKT-SF01467, accessUrl: https://VUUUVKT-SF01467.snowflakecomputing.com, user: VISHWA1818, role: ACCOUNTADMIN, database: undefined, schema: undefined, warehouse: TERRA_SOCIAL, proxy was not configured, password is provided, region: undefined, authenticator: SNOWFLAKE, ocsp mode: FAIL_OPEN, os: linux, os version: 6.19.8-100.fc42.x86_64"}
{"level":"INFO","message":"[2:03:25.464 AM]: Connection[id: 0f3873ed-599d-4ee2-b144-27406595bb33] additional details: passcode in password is provided, passcode is not provided, private key is not provided, application: undefined, client name: snowflake-sdk, client version: 2.3.6, retry timeout: 300, private key path: undefined, private key pass is not provided, client store temporary credential: false, browser response timeout: 120000"}
{"level":"INFO","message":"[2:03:25.464 AM]: Connection[id: 0f3873ed-599d-4ee2-b144-27406595bb33] - connection object created successfully."}
{"level":"INFO","message":"[2:03:25.465 AM]: Connection[id: 0f3873ed-599d-4ee2-b144-27406595bb33] - async connecting. Associated Snowflake domain: GLOBAL"}
{"level":"INFO","message":"[2:03:25.466 AM]: Trying to initialize Easy Logging"}
{"level":"INFO","message":"[2:03:25.474 AM]: No client config detected."}
{"level":"INFO","message":"[2:03:25.474 AM]: No config file path found. Client config will not be used."}
{"level":"INFO","message":"[2:03:25.475 AM]: Easy Logging is disabled as no config has been found"}
{"level":"INFO","message":"[2:03:25.476 AM]: Connection[id: 0f3873ed-599d-4ee2-b144-27406595bb33] - authentication successful using: SNOWFLAKE"}
{"level":"INFO","message":"[2:03:26.551 AM]: Connection[id: 0f3873ed-599d-4ee2-b144-27406595bb33] - connection established successfully after 1085.97 milliseconds"}
{"level":"INFO","message":"[2:04:41.554 AM]: Creating new connection object"}
{"level":"INFO","message":"[2:04:41.575 AM]: Creating Connection[id: 31795251-ee20-4329-860d-494fa7e8a5a0] with host: VUUUVKT-SF01467.snowflakecomputing.com, account: VUUUVKT-SF01467, accessUrl: https://VUUUVKT-SF01467.snowflakecomputing.com, user: VISHWA1818, role: ACCOUNTADMIN, database: undefined, schema: undefined, warehouse: TERRA_SOCIAL, proxy was not configured, password is provided, region: undefined, authenticator: SNOWFLAKE, ocsp mode: FAIL_OPEN, os: linux, os version: 6.19.8-100.fc42.x86_64"}
{"level":"INFO","message":"[2:04:41.576 AM]: Connection[id: 31795251-ee20-4329-860d-494fa7e8a5a0] additional details: passcode in password is provided, passcode is not provided, private key is not provided, application: undefined, client name: snowflake-sdk, client version: 2.3.6, retry timeout: 300, private key path: undefined, private key pass is not provided, client store temporary credential: false, browser response timeout: 120000"}
{"level":"INFO","message":"[2:04:41.577 AM]: Connection[id: 31795251-ee20-4329-860d-494fa7e8a5a0] - connection object created successfully."}
{"level":"INFO","message":"[2:04:41.579 AM]: Connection[id: 31795251-ee20-4329-860d-494fa7e8a5a0] - async connecting. Associated Snowflake domain: GLOBAL"}
{"level":"INFO","message":"[2:04:41.580 AM]: Trying to initialize Easy Logging"}
{"level":"INFO","message":"[2:04:41.587 AM]: No client config detected."}
{"level":"INFO","message":"[2:04:41.588 AM]: No config file path found. Client config will not be used."}
{"level":"INFO","message":"[2:04:41.588 AM]: Easy Logging is disabled as no config has been found"}
{"level":"INFO","message":"[2:04:41.590 AM]: Connection[id: 31795251-ee20-4329-860d-494fa7e8a5a0] - authentication successful using: SNOWFLAKE"}
{"level":"INFO","message":"[2:04:43.689 AM]: Connection[id: 31795251-ee20-4329-860d-494fa7e8a5a0] - connection established successfully after 2110.84 milliseconds"}
{"level":"INFO","message":"[2:05:38.879 AM]: Creating new connection object"}
{"level":"INFO","message":"[2:05:38.899 AM]: Creating Connection[id: dead6120-6d9e-42be-8ac3-8ad6d2d07f36] with host: VUUUVKT-SF01467.snowflakecomputing.com, account: VUUUVKT-SF01467, accessUrl: https://VUUUVKT-SF01467.snowflakecomputing.com, user: VISHWA1818, role: ACCOUNTADMIN, database: undefined, schema: undefined, warehouse: TERRA_SOCIAL, proxy was not configured, password is provided, region: undefined, authenticator: SNOWFLAKE, ocsp mode: FAIL_OPEN, os: linux, os version: 6.19.8-100.fc42.x86_64"}
{"level":"INFO","message":"[2:05:38.900 AM]: Connection[id: dead6120-6d9e-42be-8ac3-8ad6d2d07f36] additional details: passcode in password is provided, passcode is not provided, private key is not provided, application: undefined, client name: snowflake-sdk, client version: 2.3.6, retry timeout: 300, private key path: undefined, private key pass is not provided, client store temporary credential: false, browser response timeout: 120000"}
{"level":"INFO","message":"[2:05:38.901 AM]: Connection[id: dead6120-6d9e-42be-8ac3-8ad6d2d07f36] - connection object created successfully."}
{"level":"INFO","message":"[2:05:38.902 AM]: Connection[id: dead6120-6d9e-42be-8ac3-8ad6d2d07f36] - async connecting. Associated Snowflake domain: GLOBAL"}
{"level":"INFO","message":"[2:05:38.903 AM]: Trying to initialize Easy Logging"}
{"level":"INFO","message":"[2:05:38.910 AM]: No client config detected."}
{"level":"INFO","message":"[2:05:38.911 AM]: No config file path found. Client config will not be used."}
{"level":"INFO","message":"[2:05:38.911 AM]: Easy Logging is disabled as no config has been found"}
{"level":"INFO","message":"[2:05:38.913 AM]: Connection[id: dead6120-6d9e-42be-8ac3-8ad6d2d07f36] - authentication successful using: SNOWFLAKE"}
{"level":"INFO","message":"[2:05:40.102 AM]: Connection[id: dead6120-6d9e-42be-8ac3-8ad6d2d07f36] - connection established successfully after 1199.88 milliseconds"}
{"level":"INFO","message":"[2:07:08.627 AM]: Creating new connection object"}
{"level":"INFO","message":"[2:07:08.643 AM]: Creating Connection[id: a0c033bc-5384-4c64-8305-b8ffa86fcb29] with host: VUUUVKT-SF01467.snowflakecomputing.com, account: VUUUVKT-SF01467, accessUrl: https://VUUUVKT-SF01467.snowflakecomputing.com, user: VISHWA1818, role: ACCOUNTADMIN, database: undefined, schema: undefined, warehouse: TERRA_SOCIAL, proxy was not configured, password is provided, region: undefined, authenticator: SNOWFLAKE, ocsp mode: FAIL_OPEN, os: linux, os version: 6.19.8-100.fc42.x86_64"}
{"level":"INFO","message":"[2:07:08.644 AM]: Connection[id: a0c033bc-5384-4c64-8305-b8ffa86fcb29] additional details: passcode in password is provided, passcode is not provided, private key is not provided, application: undefined, client name: snowflake-sdk, client version: 2.3.6, retry timeout: 300, private key path: undefined, private key pass is not provided, client store temporary credential: false, browser response timeout: 120000"}
{"level":"INFO","message":"[2:07:08.645 AM]: Connection[id: a0c033bc-5384-4c64-8305-b8ffa86fcb29] - connection object created successfully."}
{"level":"INFO","message":"[2:07:08.646 AM]: Connection[id: a0c033bc-5384-4c64-8305-b8ffa86fcb29] - async connecting. Associated Snowflake domain: GLOBAL"}
{"level":"INFO","message":"[2:07:08.647 AM]: Trying to initialize Easy Logging"}
{"level":"INFO","message":"[2:07:08.654 AM]: No client config detected."}
{"level":"INFO","message":"[2:07:08.655 AM]: No config file path found. Client config will not be used."}
{"level":"INFO","message":"[2:07:08.655 AM]: Easy Logging is disabled as no config has been found"}
{"level":"INFO","message":"[2:07:08.656 AM]: Connection[id: a0c033bc-5384-4c64-8305-b8ffa86fcb29] - authentication successful using: SNOWFLAKE"}
{"level":"INFO","message":"[2:07:14.310 AM]: Connection[id: a0c033bc-5384-4c64-8305-b8ffa86fcb29] - connection established successfully after 5664.36 milliseconds"}
{"level":"INFO","message":"[2:10:27.863 AM]: Creating new connection object"}
{"level":"INFO","message":"[2:10:27.884 AM]: Creating Connection[id: 1d37ca72-39aa-4274-afab-77a4fa7f465c] with host: VUUUVKT-SF01467.snowflakecomputing.com, account: VUUUVKT-SF01467, accessUrl: https://VUUUVKT-SF01467.snowflakecomputing.com, user: VISHWA1818, role: ACCOUNTADMIN, database: undefined, schema: undefined, warehouse: TERRA_SOCIAL, proxy was not configured, password is provided, region: undefined, authenticator: SNOWFLAKE, ocsp mode: FAIL_OPEN, os: linux, os version: 6.19.8-100.fc42.x86_64"}
{"level":"INFO","message":"[2:10:27.886 AM]: Connection[id: 1d37ca72-39aa-4274-afab-77a4fa7f465c] additional details: passcode in password is provided, passcode is not provided, private key is not provided, application: undefined, client name: snowflake-sdk, client version: 2.3.6, retry timeout: 300, private key path: undefined, private key pass is not provided, client store temporary credential: false, browser response timeout: 120000"}
{"level":"INFO","message":"[2:10:27.886 AM]: Connection[id: 1d37ca72-39aa-4274-afab-77a4fa7f465c] - connection object created successfully."}
{"level":"INFO","message":"[2:10:27.888 AM]: Connection[id: 1d37ca72-39aa-4274-afab-77a4fa7f465c] - async connecting. Associated Snowflake domain: GLOBAL"}
{"level":"INFO","message":"[2:10:27.889 AM]: Trying to initialize Easy Logging"}
{"level":"INFO","message":"[2:10:27.897 AM]: No client config detected."}
{"level":"INFO","message":"[2:10:27.898 AM]: No config file path found. Client config will not be used."}
{"level":"INFO","message":"[2:10:27.899 AM]: Easy Logging is disabled as no config has been found"}
{"level":"INFO","message":"[2:10:27.900 AM]: Connection[id: 1d37ca72-39aa-4274-afab-77a4fa7f465c] - authentication successful using: SNOWFLAKE"}
{"level":"INFO","message":"[2:10:29.494 AM]: Connection[id: 1d37ca72-39aa-4274-afab-77a4fa7f465c] - connection established successfully after 1605.89 milliseconds"}
{"level":"INFO","message":"[2:17:02.706 AM]: Creating new connection object"}
{"level":"INFO","message":"[2:17:02.723 AM]: Creating Connection[id: ca376031-c37b-4ea5-ad14-4bdd27d48e04] with host: VUUUVKT-SF01467.snowflakecomputing.com, account: VUUUVKT-SF01467, accessUrl: https://VUUUVKT-SF01467.snowflakecomputing.com, user: VISHWA1818, role: ACCOUNTADMIN, database: undefined, schema: undefined, warehouse: TERRA_SOCIAL, proxy was not configured, password is provided, region: undefined, authenticator: SNOWFLAKE, ocsp mode: FAIL_OPEN, os: linux, os version: 6.19.8-100.fc42.x86_64"}
{"level":"INFO","message":"[2:17:02.724 AM]: Connection[id: ca376031-c37b-4ea5-ad14-4bdd27d48e04] additional details: passcode in password is provided, passcode is not provided, private key is not provided, application: undefined, client name: snowflake-sdk, client version: 2.3.6, retry timeout: 300, private key path: undefined, private key pass is not provided, client store temporary credential: false, browser response timeout: 120000"}
{"level":"INFO","message":"[2:17:02.725 AM]: Connection[id: ca376031-c37b-4ea5-ad14-4bdd27d48e04] - connection object created successfully."}
{"level":"INFO","message":"[2:17:02.726 AM]: Connection[id: ca376031-c37b-4ea5-ad14-4bdd27d48e04] - async connecting. Associated Snowflake domain: GLOBAL"}
{"level":"INFO","message":"[2:17:02.727 AM]: Trying to initialize Easy Logging"}
{"level":"INFO","message":"[2:17:02.736 AM]: No client config detected."}
{"level":"INFO","message":"[2:17:02.736 AM]: No config file path found. Client config will not be used."}
{"level":"INFO","message":"[2:17:02.737 AM]: Easy Logging is disabled as no config has been found"}
{"level":"INFO","message":"[2:17:02.738 AM]: Connection[id: ca376031-c37b-4ea5-ad14-4bdd27d48e04] - authentication successful using: SNOWFLAKE"}
{"level":"INFO","message":"[2:17:03.810 AM]: Connection[id: ca376031-c37b-4ea5-ad14-4bdd27d48e04] - connection established successfully after 1083.88 milliseconds"}
{"level":"INFO","message":"[2:32:23.368 AM]: Creating new connection object"}
{"level":"INFO","message":"[2:32:23.385 AM]: Creating Connection[id: fe15557a-8e8a-4e9d-89e4-38995c320735] with host: VUUUVKT-SF01467.snowflakecomputing.com, account: VUUUVKT-SF01467, accessUrl: https://VUUUVKT-SF01467.snowflakecomputing.com, user: VISHWA1818, role: ACCOUNTADMIN, database: undefined, schema: undefined, warehouse: TERRA_SOCIAL, proxy was not configured, password is provided, region: undefined, authenticator: SNOWFLAKE, ocsp mode: FAIL_OPEN, os: linux, os version: 6.19.8-100.fc42.x86_64"}
{"level":"INFO","message":"[2:32:23.386 AM]: Connection[id: fe15557a-8e8a-4e9d-89e4-38995c320735] additional details: passcode in password is provided, passcode is not provided, private key is not provided, application: undefined, client name: snowflake-sdk, client version: 2.3.6, retry timeout: 300, private key path: undefined, private key pass is not provided, client store temporary credential: false, browser response timeout: 120000"}
{"level":"INFO","message":"[2:32:23.387 AM]: Connection[id: fe15557a-8e8a-4e9d-89e4-38995c320735] - connection object created successfully."}
{"level":"INFO","message":"[2:32:23.388 AM]: Connection[id: fe15557a-8e8a-4e9d-89e4-38995c320735] - async connecting. Associated Snowflake domain: GLOBAL"}
{"level":"INFO","message":"[2:32:23.388 AM]: Trying to initialize Easy Logging"}
{"level":"INFO","message":"[2:32:23.396 AM]: No client config detected."}
{"level":"INFO","message":"[2:32:23.396 AM]: No config file path found. Client config will not be used."}
{"level":"INFO","message":"[2:32:23.397 AM]: Easy Logging is disabled as no config has been found"}
{"level":"INFO","message":"[2:32:23.398 AM]: Connection[id: fe15557a-8e8a-4e9d-89e4-38995c320735] - authentication successful using: SNOWFLAKE"}
{"level":"INFO","message":"[2:32:24.549 AM]: Connection[id: fe15557a-8e8a-4e9d-89e4-38995c320735] - connection established successfully after 1161.45 milliseconds"}
{"level":"INFO","message":"[2:35:45.878 AM]: Creating new connection object"}
{"level":"INFO","message":"[2:35:45.896 AM]: Creating Connection[id: aa625fdd-73c2-4edd-9b91-0382e10f4046] with host: VUUUVKT-SF01467.snowflakecomputing.com, account: VUUUVKT-SF01467, accessUrl: https://VUUUVKT-SF01467.snowflakecomputing.com, user: VISHWA1818, role: ACCOUNTADMIN, database: undefined, schema: undefined, warehouse: TERRA_SOCIAL, proxy was not configured, password is provided, region: undefined, authenticator: SNOWFLAKE, ocsp mode: FAIL_OPEN, os: linux, os version: 6.19.8-100.fc42.x86_64"}
{"level":"INFO","message":"[2:35:45.897 AM]: Connection[id: aa625fdd-73c2-4edd-9b91-0382e10f4046] additional details: passcode in password is provided, passcode is not provided, private key is not provided, application: undefined, client name: snowflake-sdk, client version: 2.3.6, retry timeout: 300, private key path: undefined, private key pass is not provided, client store temporary credential: false, browser response timeout: 120000"}
{"level":"INFO","message":"[2:35:45.898 AM]: Connection[id: aa625fdd-73c2-4edd-9b91-0382e10f4046] - connection object created successfully."}
{"level":"INFO","message":"[2:35:45.899 AM]: Connection[id: aa625fdd-73c2-4edd-9b91-0382e10f4046] - async connecting. Associated Snowflake domain: GLOBAL"}
{"level":"INFO","message":"[2:35:45.900 AM]: Trying to initialize Easy Logging"}
{"level":"INFO","message":"[2:35:45.908 AM]: No client config detected."}
{"level":"INFO","message":"[2:35:45.909 AM]: No config file path found. Client config will not be used."}
{"level":"INFO","message":"[2:35:45.909 AM]: Easy Logging is disabled as no config has been found"}
{"level":"INFO","message":"[2:35:45.911 AM]: Connection[id: aa625fdd-73c2-4edd-9b91-0382e10f4046] - authentication successful using: SNOWFLAKE"}
{"level":"INFO","message":"[2:35:47.052 AM]: Connection[id: aa625fdd-73c2-4edd-9b91-0382e10f4046] - connection established successfully after 1153.11 milliseconds"}
{"level":"INFO","message":"[2:36:24.062 AM]: Creating new connection object"}
{"level":"INFO","message":"[2:36:24.081 AM]: Creating Connection[id: cdd1f67a-e384-49c4-b43a-54954eab4aa7] with host: VUUUVKT-SF01467.snowflakecomputing.com, account: VUUUVKT-SF01467, accessUrl: https://VUUUVKT-SF01467.snowflakecomputing.com, user: VISHWA1818, role: ACCOUNTADMIN, database: undefined, schema: undefined, warehouse: TERRA_SOCIAL, proxy was not configured, password is provided, region: undefined, authenticator: SNOWFLAKE, ocsp mode: FAIL_OPEN, os: linux, os version: 6.19.8-100.fc42.x86_64"}
{"level":"INFO","message":"[2:36:24.083 AM]: Connection[id: cdd1f67a-e384-49c4-b43a-54954eab4aa7] additional details: passcode in password is provided, passcode is not provided, private key is not provided, application: undefined, client name: snowflake-sdk, client version: 2.3.6, retry timeout: 300, private key path: undefined, private key pass is not provided, client store temporary credential: false, browser response timeout: 120000"}
{"level":"INFO","message":"[2:36:24.084 AM]: Connection[id: cdd1f67a-e384-49c4-b43a-54954eab4aa7] - connection object created successfully."}
{"level":"INFO","message":"[2:36:24.085 AM]: Connection[id: cdd1f67a-e384-49c4-b43a-54954eab4aa7] - async connecting. Associated Snowflake domain: GLOBAL"}
{"level":"INFO","message":"[2:36:24.085 AM]: Trying to initialize Easy Logging"}
{"level":"INFO","message":"[2:36:24.092 AM]: No client config detected."}
{"level":"INFO","message":"[2:36:24.093 AM]: No config file path found. Client config will not be used."}
{"level":"INFO","message":"[2:36:24.093 AM]: Easy Logging is disabled as no config has been found"}
{"level":"INFO","message":"[2:36:24.096 AM]: Connection[id: cdd1f67a-e384-49c4-b43a-54954eab4aa7] - authentication successful using: SNOWFLAKE"}
{"level":"INFO","message":"[2:36:25.051 AM]: Connection[id: cdd1f67a-e384-49c4-b43a-54954eab4aa7] - connection established successfully after 965.95 milliseconds"}
{"level":"INFO","message":"[2:37:12.369 AM]: Creating new connection object"}
{"level":"INFO","message":"[2:37:12.401 AM]: Creating Connection[id: 756b0ce9-f8fb-4a75-b9f0-6f2d2abd4849] with host: VUUUVKT-SF01467.snowflakecomputing.com, account: VUUUVKT-SF01467, accessUrl: https://VUUUVKT-SF01467.snowflakecomputing.com, user: VISHWA1818, role: ACCOUNTADMIN, database: undefined, schema: undefined, warehouse: TERRA_SOCIAL, proxy was not configured, password is provided, region: undefined, authenticator: SNOWFLAKE, ocsp mode: FAIL_OPEN, os: linux, os version: 6.19.8-100.fc42.x86_64"}
{"level":"INFO","message":"[2:37:12.403 AM]: Connection[id: 756b0ce9-f8fb-4a75-b9f0-6f2d2abd4849] additional details: passcode in password is provided, passcode is not provided, private key is not provided, application: undefined, client name: snowflake-sdk, client version: 2.3.6, retry timeout: 300, private key path: undefined, private key pass is not provided, client store temporary credential: false, browser response timeout: 120000"}
{"level":"INFO","message":"[2:37:12.404 AM]: Connection[id: 756b0ce9-f8fb-4a75-b9f0-6f2d2abd4849] - connection object created successfully."}
{"level":"INFO","message":"[2:37:12.405 AM]: Connection[id: 756b0ce9-f8fb-4a75-b9f0-6f2d2abd4849] - async connecting. Associated Snowflake domain: GLOBAL"}
{"level":"INFO","message":"[2:37:12.407 AM]: Trying to initialize Easy Logging"}
{"level":"INFO","message":"[2:37:12.418 AM]: No client config detected."}
{"level":"INFO","message":"[2:37:12.419 AM]: No config file path found. Client config will not be used."}
{"level":"INFO","message":"[2:37:12.419 AM]: Easy Logging is disabled as no config has been found"}
{"level":"INFO","message":"[2:37:12.421 AM]: Connection[id: 756b0ce9-f8fb-4a75-b9f0-6f2d2abd4849] - authentication successful using: SNOWFLAKE"}
{"level":"INFO","message":"[2:37:14.110 AM]: Connection[id: 756b0ce9-f8fb-4a75-b9f0-6f2d2abd4849] - connection established successfully after 1704.31 milliseconds"}
{"level":"INFO","message":"[2:38:16.084 AM]: Creating new connection object"}
{"level":"INFO","message":"[2:38:16.105 AM]: Creating Connection[id: d5b121da-d901-4e20-88cc-98e3accd2bb4] with host: VUUUVKT-SF01467.snowflakecomputing.com, account: VUUUVKT-SF01467, accessUrl: https://VUUUVKT-SF01467.snowflakecomputing.com, user: VISHWA1818, role: ACCOUNTADMIN, database: undefined, schema: undefined, warehouse: TERRA_SOCIAL, proxy was not configured, password is provided, region: undefined, authenticator: SNOWFLAKE, ocsp mode: FAIL_OPEN, os: linux, os version: 6.19.8-100.fc42.x86_64"}
{"level":"INFO","message":"[2:38:16.106 AM]: Connection[id: d5b121da-d901-4e20-88cc-98e3accd2bb4] additional details: passcode in password is provided, passcode is not provided, private key is not provided, application: undefined, client name: snowflake-sdk, client version: 2.3.6, retry timeout: 300, private key path: undefined, private key pass is not provided, client store temporary credential: false, browser response timeout: 120000"}
{"level":"INFO","message":"[2:38:16.107 AM]: Connection[id: d5b121da-d901-4e20-88cc-98e3accd2bb4] - connection object created successfully."}
{"level":"INFO","message":"[2:38:16.108 AM]: Connection[id: d5b121da-d901-4e20-88cc-98e3accd2bb4] - async connecting. Associated Snowflake domain: GLOBAL"}
{"level":"INFO","message":"[2:38:16.109 AM]: Trying to initialize Easy Logging"}
{"level":"INFO","message":"[2:38:16.116 AM]: No client config detected."}
{"level":"INFO","message":"[2:38:16.117 AM]: No config file path found. Client config will not be used."}
{"level":"INFO","message":"[2:38:16.117 AM]: Easy Logging is disabled as no config has been found"}
{"level":"INFO","message":"[2:38:16.119 AM]: Connection[id: d5b121da-d901-4e20-88cc-98e3accd2bb4] - authentication successful using: SNOWFLAKE"}
{"level":"INFO","message":"[2:38:17.940 AM]: Connection[id: d5b121da-d901-4e20-88cc-98e3accd2bb4] - connection established successfully after 1831.52 milliseconds"}
{"level":"INFO","message":"[2:39:50.488 AM]: Creating new connection object"}
{"level":"INFO","message":"[2:39:50.512 AM]: Creating Connection[id: 2726d5d6-6e07-4a1b-8c64-bf64816f316e] with host: VUUUVKT-SF01467.snowflakecomputing.com, account: VUUUVKT-SF01467, accessUrl: https://VUUUVKT-SF01467.snowflakecomputing.com, user: VISHWA1818, role: ACCOUNTADMIN, database: undefined, schema: undefined, warehouse: TERRA_SOCIAL, proxy was not configured, password is provided, region: undefined, authenticator: SNOWFLAKE, ocsp mode: FAIL_OPEN, os: linux, os version: 6.19.8-100.fc42.x86_64"}
{"level":"INFO","message":"[2:39:50.514 AM]: Connection[id: 2726d5d6-6e07-4a1b-8c64-bf64816f316e] additional details: passcode in password is provided, passcode is not provided, private key is not provided, application: undefined, client name: snowflake-sdk, client version: 2.3.6, retry timeout: 300, private key path: undefined, private key pass is not provided, client store temporary credential: false, browser response timeout: 120000"}
{"level":"INFO","message":"[2:39:50.514 AM]: Connection[id: 2726d5d6-6e07-4a1b-8c64-bf64816f316e] - connection object created successfully."}
{"level":"INFO","message":"[2:39:50.516 AM]: Connection[id: 2726d5d6-6e07-4a1b-8c64-bf64816f316e] - async connecting. Associated Snowflake domain: GLOBAL"}
{"level":"INFO","message":"[2:39:50.517 AM]: Trying to initialize Easy Logging"}
{"level":"INFO","message":"[2:39:50.524 AM]: No client config detected."}
{"level":"INFO","message":"[2:39:50.525 AM]: No config file path found. Client config will not be used."}
{"level":"INFO","message":"[2:39:50.526 AM]: Easy Logging is disabled as no config has been found"}
{"level":"INFO","message":"[2:39:50.528 AM]: Connection[id: 2726d5d6-6e07-4a1b-8c64-bf64816f316e] - authentication successful using: SNOWFLAKE"}
{"level":"INFO","message":"[2:39:51.724 AM]: Connection[id: 2726d5d6-6e07-4a1b-8c64-bf64816f316e] - connection established successfully after 1207.94 milliseconds"}
{"level":"INFO","message":"[2:40:27.317 AM]: Creating new connection object"}
{"level":"INFO","message":"[2:40:27.359 AM]: Creating Connection[id: 21575749-78bd-42af-95e3-bc78dcc2d601] with host: VUUUVKT-SF01467.snowflakecomputing.com, account: VUUUVKT-SF01467, accessUrl: https://VUUUVKT-SF01467.snowflakecomputing.com, user: VISHWA1818, role: ACCOUNTADMIN, database: undefined, schema: undefined, warehouse: TERRA_SOCIAL, proxy was not configured, password is provided, region: undefined, authenticator: SNOWFLAKE, ocsp mode: FAIL_OPEN, os: linux, os version: 6.19.8-100.fc42.x86_64"}
{"level":"INFO","message":"[2:40:27.362 AM]: Connection[id: 21575749-78bd-42af-95e3-bc78dcc2d601] additional details: passcode in password is provided, passcode is not provided, private key is not provided, application: undefined, client name: snowflake-sdk, client version: 2.3.6, retry timeout: 300, private key path: undefined, private key pass is not provided, client store temporary credential: false, browser response timeout: 120000"}
{"level":"INFO","message":"[2:40:27.364 AM]: Connection[id: 21575749-78bd-42af-95e3-bc78dcc2d601] - connection object created successfully."}
{"level":"INFO","message":"[2:40:27.366 AM]: Connection[id: 21575749-78bd-42af-95e3-bc78dcc2d601] - async connecting. Associated Snowflake domain: GLOBAL"}
{"level":"INFO","message":"[2:40:27.368 AM]: Trying to initialize Easy Logging"}
{"level":"INFO","message":"[2:40:27.384 AM]: No client config detected."}
{"level":"INFO","message":"[2:40:27.385 AM]: No config file path found. Client config will not be used."}
{"level":"INFO","message":"[2:40:27.386 AM]: Easy Logging is disabled as no config has been found"}
{"level":"INFO","message":"[2:40:27.388 AM]: Connection[id: 21575749-78bd-42af-95e3-bc78dcc2d601] - authentication successful using: SNOWFLAKE"}
{"level":"INFO","message":"[2:40:29.534 AM]: Connection[id: 21575749-78bd-42af-95e3-bc78dcc2d601] - connection established successfully after 2168.28 milliseconds"}
{"level":"INFO","message":"[2:44:43.769 AM]: Creating new connection object"}
{"level":"INFO","message":"[2:44:43.804 AM]: Creating Connection[id: dc9bc561-7e3e-4f79-bf9e-9e5f40898260] with host: VUUUVKT-SF01467.snowflakecomputing.com, account: VUUUVKT-SF01467, accessUrl: https://VUUUVKT-SF01467.snowflakecomputing.com, user: VISHWA1818, role: ACCOUNTADMIN, database: undefined, schema: undefined, warehouse: TERRA_SOCIAL, proxy was not configured, password is provided, region: undefined, authenticator: SNOWFLAKE, ocsp mode: FAIL_OPEN, os: linux, os version: 6.19.8-100.fc42.x86_64"}
{"level":"INFO","message":"[2:44:43.806 AM]: Connection[id: dc9bc561-7e3e-4f79-bf9e-9e5f40898260] additional details: passcode in password is provided, passcode is not provided, private key is not provided, application: undefined, client name: snowflake-sdk, client version: 2.3.6, retry timeout: 300, private key path: undefined, private key pass is not provided, client store temporary credential: false, browser response timeout: 120000"}
{"level":"INFO","message":"[2:44:43.808 AM]: Connection[id: dc9bc561-7e3e-4f79-bf9e-9e5f40898260] - connection object created successfully."}
{"level":"INFO","message":"[2:44:43.810 AM]: Connection[id: dc9bc561-7e3e-4f79-bf9e-9e5f40898260] - async connecting. Associated Snowflake domain: GLOBAL"}
{"level":"INFO","message":"[2:44:43.812 AM]: Trying to initialize Easy Logging"}
{"level":"INFO","message":"[2:44:43.825 AM]: No client config detected."}
{"level":"INFO","message":"[2:44:43.827 AM]: No config file path found. Client config will not be used."}
{"level":"INFO","message":"[2:44:43.827 AM]: Easy Logging is disabled as no config has been found"}
{"level":"INFO","message":"[2:44:43.829 AM]: Connection[id: dc9bc561-7e3e-4f79-bf9e-9e5f40898260] - authentication successful using: SNOWFLAKE"}
{"level":"INFO","message":"[2:44:50.184 AM]: Connection[id: dc9bc561-7e3e-4f79-bf9e-9e5f40898260] - connection established successfully after 6374.58 milliseconds"}
{"level":"INFO","message":"[2:45:48.171 AM]: Creating new connection object"}
{"level":"INFO","message":"[2:45:48.192 AM]: Creating Connection[id: f3875988-bdec-4ad1-9d20-26f42f9d2479] with host: VUUUVKT-SF01467.snowflakecomputing.com, account: VUUUVKT-SF01467, accessUrl: https://VUUUVKT-SF01467.snowflakecomputing.com, user: VISHWA1818, role: ACCOUNTADMIN, database: undefined, schema: undefined, warehouse: TERRA_SOCIAL, proxy was not configured, password is provided, region: undefined, authenticator: SNOWFLAKE, ocsp mode: FAIL_OPEN, os: linux, os version: 6.19.8-100.fc42.x86_64"}
{"level":"INFO","message":"[2:45:48.194 AM]: Connection[id: f3875988-bdec-4ad1-9d20-26f42f9d2479] additional details: passcode in password is provided, passcode is not provided, private key is not provided, application: undefined, client name: snowflake-sdk, client version: 2.3.6, retry timeout: 300, private key path: undefined, private key pass is not provided, client store temporary credential: false, browser response timeout: 120000"}
{"level":"INFO","message":"[2:45:48.195 AM]: Connection[id: f3875988-bdec-4ad1-9d20-26f42f9d2479] - connection object created successfully."}
{"level":"INFO","message":"[2:45:48.196 AM]: Connection[id: f3875988-bdec-4ad1-9d20-26f42f9d2479] - async connecting. Associated Snowflake domain: GLOBAL"}
{"level":"INFO","message":"[2:45:48.197 AM]: Trying to initialize Easy Logging"}
{"level":"INFO","message":"[2:45:48.205 AM]: No client config detected."}
{"level":"INFO","message":"[2:45:48.206 AM]: No config file path found. Client config will not be used."}
{"level":"INFO","message":"[2:45:48.206 AM]: Easy Logging is disabled as no config has been found"}
{"level":"INFO","message":"[2:45:48.207 AM]: Connection[id: f3875988-bdec-4ad1-9d20-26f42f9d2479] - authentication successful using: SNOWFLAKE"}
{"level":"INFO","message":"[2:45:49.374 AM]: Connection[id: f3875988-bdec-4ad1-9d20-26f42f9d2479] - connection established successfully after 1178.05 milliseconds"}
{"level":"INFO","message":"[2:46:06.851 AM]: Creating new connection object"}
{"level":"INFO","message":"[2:46:06.866 AM]: Creating Connection[id: 0f5b8ddc-3b2f-4608-a48a-c91f57ada8dd] with host: VUUUVKT-SF01467.snowflakecomputing.com, account: VUUUVKT-SF01467, accessUrl: https://VUUUVKT-SF01467.snowflakecomputing.com, user: VISHWA1818, role: ACCOUNTADMIN, database: undefined, schema: undefined, warehouse: TERRA_SOCIAL, proxy was not configured, password is provided, region: undefined, authenticator: SNOWFLAKE, ocsp mode: FAIL_OPEN, os: linux, os version: 6.19.8-100.fc42.x86_64"}
{"level":"INFO","message":"[2:46:06.867 AM]: Connection[id: 0f5b8ddc-3b2f-4608-a48a-c91f57ada8dd] additional details: passcode in password is provided, passcode is not provided, private key is not provided, application: undefined, client name: snowflake-sdk, client version: 2.3.6, retry timeout: 300, private key path: undefined, private key pass is not provided, client store temporary credential: false, browser response timeout: 120000"}
{"level":"INFO","message":"[2:46:06.868 AM]: Connection[id: 0f5b8ddc-3b2f-4608-a48a-c91f57ada8dd] - connection object created successfully."}
{"level":"INFO","message":"[2:46:06.869 AM]: Connection[id: 0f5b8ddc-3b2f-4608-a48a-c91f57ada8dd] - async connecting. Associated Snowflake domain: GLOBAL"}
{"level":"INFO","message":"[2:46:06.870 AM]: Trying to initialize Easy Logging"}
{"level":"INFO","message":"[2:46:06.877 AM]: No client config detected."}
{"level":"INFO","message":"[2:46:06.878 AM]: No config file path found. Client config will not be used."}
{"level":"INFO","message":"[2:46:06.878 AM]: Easy Logging is disabled as no config has been found"}
{"level":"INFO","message":"[2:46:06.879 AM]: Connection[id: 0f5b8ddc-3b2f-4608-a48a-c91f57ada8dd] - authentication successful using: SNOWFLAKE"}
{"level":"INFO","message":"[2:46:08.409 AM]: Connection[id: 0f5b8ddc-3b2f-4608-a48a-c91f57ada8dd] - connection established successfully after 1539.87 milliseconds"}
{"level":"INFO","message":"[2:48:48.131 AM]: Creating new connection object"}
{"level":"INFO","message":"[2:48:48.153 AM]: Creating Connection[id: d2351aa3-caf3-4d3d-8f8a-cc97b89256c7] with host: VUUUVKT-SF01467.snowflakecomputing.com, account: VUUUVKT-SF01467, accessUrl: https://VUUUVKT-SF01467.snowflakecomputing.com, user: VISHWA1818, role: ACCOUNTADMIN, database: undefined, schema: undefined, warehouse: TERRA_SOCIAL, proxy was not configured, password is provided, region: undefined, authenticator: SNOWFLAKE, ocsp mode: FAIL_OPEN, os: linux, os version: 6.19.8-100.fc42.x86_64"}
{"level":"INFO","message":"[2:48:48.154 AM]: Connection[id: d2351aa3-caf3-4d3d-8f8a-cc97b89256c7] additional details: passcode in password is provided, passcode is not provided, private key is not provided, application: undefined, client name: snowflake-sdk, client version: 2.3.6, retry timeout: 300, private key path: undefined, private key pass is not provided, client store temporary credential: false, browser response timeout: 120000"}
{"level":"INFO","message":"[2:48:48.155 AM]: Connection[id: d2351aa3-caf3-4d3d-8f8a-cc97b89256c7] - connection object created successfully."}
{"level":"INFO","message":"[2:48:48.156 AM]: Connection[id: d2351aa3-caf3-4d3d-8f8a-cc97b89256c7] - async connecting. Associated Snowflake domain: GLOBAL"}
{"level":"INFO","message":"[2:48:48.157 AM]: Trying to initialize Easy Logging"}
{"level":"INFO","message":"[2:48:48.165 AM]: No client config detected."}
{"level":"INFO","message":"[2:48:48.166 AM]: No config file path found. Client config will not be used."}
{"level":"INFO","message":"[2:48:48.166 AM]: Easy Logging is disabled as no config has been found"}
{"level":"INFO","message":"[2:48:48.167 AM]: Connection[id: d2351aa3-caf3-4d3d-8f8a-cc97b89256c7] - authentication successful using: SNOWFLAKE"}
{"level":"INFO","message":"[2:48:50.207 AM]: Connection[id: d2351aa3-caf3-4d3d-8f8a-cc97b89256c7] - connection established successfully after 2050.88 milliseconds"}
